data,log,l2,pca,hour,split,target,binary,imbalance,trial,auc,lr_log,l1_l2_log,dropout_rate,batch_size_idx,optimizer_idx,hidden_size_1,hidden_size_2,hidden_size_3,hidden_size_4,use_batch_norm_num
alpha,FALSE,False,FALSE,TRUE,parwise,light_type,TRUE,None,27,0.9308963603103512,-2.76110076579463,-4.430616816168548,0.7,3,0,152,256,0,37,1
alpha,FALSE,False,FALSE,TRUE,parwise,light_type,TRUE,smote_tomek,36,0.880548371496457,-2.734656203278074,-3.013826384389641,0.07412087322166845,3,1,245,48,76,164,1
alpha,FALSE,False,FALSE,TRUE,parwise,location,TRUE,None,17,0.6908963585434174,-4,-4.373212823702218,0,3,0,107,33,253,114,1
alpha,FALSE,False,FALSE,TRUE,parwise,location,TRUE,smote_tomek,33,0.6861560008618832,-1.3697117640837997,-3.4326167897376862,0.2072758622405548,0,3,18,173,142,84,0
alpha,FALSE,False,FALSE,TRUE,stratified,light_type,TRUE,None,40,0.8931164681963404,-2.711759269544457,-5,0,2,0,123,0,99,125,1
alpha,FALSE,False,FALSE,TRUE,stratified,light_type,TRUE,smote_tomek,46,0.8837116025614428,-2.665718624497778,-3.3821835210307976,0.2585354838105821,3,2,256,249,186,38,1
alpha,FALSE,False,FALSE,TRUE,stratified,location,TRUE,None,38,0.689290780141844,-3.11946650156082,-4.365552124210461,0,4,0,42,172,144,67,0
alpha,FALSE,False,FALSE,TRUE,stratified,location,TRUE,smote_tomek,42,0.6506241134751772,-2.2843131107402037,-2.068819701793659,0.7,0,0,41,9,105,196,1
alpha,FALSE,False,FALSE,FALSE,parwise,light_type,TRUE,None,20,0.8870471841704718,-4,-5,0,4,2,118,63,182,63,1
alpha,FALSE,False,FALSE,FALSE,parwise,light_type,TRUE,smote_tomek,37,0.883683409436834,-2.4159109911009553,-3.1293450233496483,0,1,3,256,161,163,229,1
alpha,FALSE,False,FALSE,FALSE,parwise,location,TRUE,None,17,0.6707720794523623,-2.607023899392267,-5,0.2853879242106246,4,1,232,0,41,18,1
alpha,FALSE,False,FALSE,FALSE,parwise,location,TRUE,smote_tomek,48,0.6657642239928178,-2.4773379266862925,-3.7903576860560166,0.08782122204705473,1,0,52,256,52,204,1
alpha,FALSE,False,FALSE,FALSE,stratified,light_type,TRUE,None,45,0.8376173999011369,-4,-3.632186134391789,1.4933373936223e-4,3,0,49,93,11,94,1
alpha,FALSE,False,FALSE,FALSE,stratified,light_type,TRUE,smote_tomek,35,0.8483893557422969,-3.109704809402261,-5,0,0,3,125,236,222,248,1
alpha,FALSE,False,FALSE,FALSE,stratified,location,TRUE,None,45,0.6813240418118467,-4,-1,0.07420228001058018,2,0,152,176,256,220,1
alpha,FALSE,False,FALSE,FALSE,stratified,location,TRUE,smote_tomek,47,0.6821951219512195,-2.9172038400557545,-4.846277546451105,0.4004313699550206,0,2,240,109,139,40,1
alpha,FALSE,Include Intensity,FALSE,TRUE,parwise,light_type,TRUE,None,48,0.9350905835264376,-0.7874699631412057,-1,0.5535243763829049,0,0,120,0,0,192,1
alpha,FALSE,Include Intensity,FALSE,TRUE,parwise,light_type,TRUE,smote_tomek,12,0.9104961028017694,-1.178031638681894,-1.857501512816563,0.0234962934677188,0,2,27,151,179,215,1
alpha,FALSE,Include Intensity,FALSE,TRUE,parwise,location,TRUE,None,38,0.69536782061369,-3.3189937827944527,-2.419895398089693,0.03269869752780766,2,1,139,56,153,160,1
alpha,FALSE,Include Intensity,FALSE,TRUE,parwise,location,TRUE,smote_tomek,37,0.6790420928402833,-1.5744843713674563,-4.753849019916391,0.5629839040699101,3,2,153,0,58,142,1
alpha,FALSE,Include Intensity,FALSE,TRUE,stratified,light_type,TRUE,None,6,0.892207139265963,-3.19652231744873,-5,0.0881880989299697,2,2,221,0,256,9,1
alpha,FALSE,Include Intensity,FALSE,TRUE,stratified,light_type,TRUE,smote_tomek,44,0.8651080945198593,-1.419365541442576,-5,0.7,3,0,256,256,256,256,1
alpha,FALSE,Include Intensity,FALSE,TRUE,stratified,location,TRUE,None,2,0.6972323451196691,-3.791277157599729,-2.1120049109327006,0.6569868963110252,0,3,161,157,2,6,1
alpha,FALSE,Include Intensity,FALSE,TRUE,stratified,location,TRUE,smote_tomek,12,0.6555697823303457,-1.4376770344309295,-4.779050258535252,0.7,0,0,28,148,189,114,1
alpha,FALSE,Include Intensity,FALSE,FALSE,parwise,light_type,TRUE,None,27,0.8683444807246681,-3.145324274780814,-5,0.7,4,0,110,256,256,191,1
alpha,FALSE,Include Intensity,FALSE,FALSE,parwise,light_type,TRUE,smote_tomek,10,0.8680548240994312,-3.5360195816562845,-1.4137956411012076,0.681464497831667,4,0,56,222,2,106,1
alpha,FALSE,Include Intensity,FALSE,FALSE,parwise,location,TRUE,None,39,0.6531274586939417,-3.3992624286831736,-5,0.13183130415001124,4,3,130,0,243,117,1
alpha,FALSE,Include Intensity,FALSE,FALSE,parwise,location,TRUE,smote_tomek,3,0.676362116443745,-2.5205144046535546,-4.813337347145538,0.6816288631890215,1,0,161,98,252,119,1
alpha,FALSE,Include Intensity,FALSE,FALSE,stratified,light_type,TRUE,None,28,0.8427015250544663,-3.1470006655659946,-3.332994860477946,0.2592397698875746,4,0,76,236,64,209,1
alpha,FALSE,Include Intensity,FALSE,FALSE,stratified,light_type,TRUE,smote_tomek,44,0.8410759175465057,-1.4976512009888858,-5,0,3,1,256,256,0,0,1
alpha,FALSE,Include Intensity,FALSE,FALSE,stratified,location,TRUE,None,18,0.6437506155816015,-2.909043355898848,-1.1933960322704182,0.03814823365846367,2,1,150,119,71,118,1
alpha,FALSE,Include Intensity,FALSE,FALSE,stratified,location,TRUE,smote_tomek,36,0.6445385600315178,-0.5804295848981269,-4.2161725442786215,0.45009599269722217,2,3,156,244,62,216,1
alpha,FALSE,Exclude Intensity,FALSE,TRUE,parwise,light_type,TRUE,None,23,0.9340438698125132,-4,-5,0.7,4,0,8,129,256,256,0
alpha,FALSE,Exclude Intensity,FALSE,TRUE,parwise,light_type,TRUE,smote_tomek,37,0.9148014535496104,-0.3748937709187912,-5,0.00678643555691905,4,3,118,83,86,212,0
alpha,FALSE,Exclude Intensity,FALSE,TRUE,parwise,location,TRUE,None,19,0.6556107395751377,-3.1605582329438313,-3.6975628200505146,0.05387785699959808,1,2,8,123,55,0,1
alpha,FALSE,Exclude Intensity,FALSE,TRUE,parwise,location,TRUE,smote_tomek,28,0.6456530291109361,-2.2703417642264183,-2.3866844163753456,0,3,2,166,5,0,0,1
alpha,FALSE,Exclude Intensity,FALSE,TRUE,stratified,light_type,TRUE,None,22,0.8990279872632814,-4,-5,0,4,0,256,0,256,0,1
alpha,FALSE,Exclude Intensity,FALSE,TRUE,stratified,light_type,TRUE,smote_tomek,4,0.8804424333836098,-1.4828621072252144,-3.1980029921218276,0.00928547281190657,4,2,104,4,59,62,1
alpha,FALSE,Exclude Intensity,FALSE,TRUE,stratified,location,TRUE,None,43,0.6694901342788666,-1.7790129926869156,-3.335189727933053,0.00292148685695589,2,1,212,168,123,99,0
alpha,FALSE,Exclude Intensity,FALSE,TRUE,stratified,location,TRUE,smote_tomek,32,0.6688663449226828,-2.5231815131081294,-4.389284943981965,0.06571447261190143,0,0,40,255,104,35,1
alpha,FALSE,Exclude Intensity,FALSE,FALSE,parwise,light_type,TRUE,None,33,0.8542961344006741,-1.6563904418700357,-1,0.7,4,0,200,256,0,256,1
alpha,FALSE,Exclude Intensity,FALSE,FALSE,parwise,light_type,TRUE,smote_tomek,23,0.8618667052875499,-1.5954830810872385,-2.9140601895699625,0.2827703323293756,0,1,35,9,68,185,1
alpha,FALSE,Exclude Intensity,FALSE,FALSE,parwise,location,TRUE,None,31,0.6217545239968528,-2.720425723994153,-1.603941002513011,0.45920492714524425,3,1,203,0,0,28,1
alpha,FALSE,Exclude Intensity,FALSE,FALSE,parwise,location,TRUE,smote_tomek,17,0.6308271046420142,-3.806059950967757,-5,0.4955258311890616,3,2,84,83,0,66,1
alpha,FALSE,Exclude Intensity,FALSE,FALSE,stratified,light_type,TRUE,None,20,0.8541142952907659,-2.940371336413146,-5,0.16551203833100492,4,0,256,0,256,11,1
alpha,FALSE,Exclude Intensity,FALSE,FALSE,stratified,light_type,TRUE,smote_tomek,43,0.8319591084296967,-0.6381475405112189,-4.930802265569992,0.1802621658243643,4,1,233,10,39,50,1
alpha,FALSE,Exclude Intensity,FALSE,FALSE,stratified,location,TRUE,None,45,0.6019895597360386,-2.624046176230108,-3.8660679476405666,0.6373544042511957,2,2,44,175,49,0,1
alpha,FALSE,Exclude Intensity,FALSE,FALSE,stratified,location,TRUE,smote_tomek,23,0.6191601825404642,-1.1538456534049844,-4.874213658656272,0.5541077070977796,2,2,164,34,120,222,1
alpha,FALSE,Exclude Intensity,TRUE,TRUE,parwise,light_type,TRUE,None,17,0.9242679587107646,-1.5750656732486208,-1,0.5216626307001685,3,1,37,0,256,72,1
alpha,FALSE,Exclude Intensity,TRUE,TRUE,parwise,light_type,TRUE,smote_tomek,48,0.9014706656835896,-2.3871962485648273,-1,0.7,4,2,8,256,222,196,1
alpha,FALSE,Exclude Intensity,TRUE,TRUE,parwise,location,TRUE,None,28,0.6466242132179386,-1.44083984137372,-3.1524546214477507,0.6000196158022421,3,3,256,123,11,133,0
alpha,FALSE,Exclude Intensity,TRUE,TRUE,parwise,location,TRUE,smote_tomek,28,0.6504966561762391,-1.107006507379766,-5,0.07669932759420862,4,1,33,206,83,0,0
alpha,FALSE,Exclude Intensity,TRUE,TRUE,stratified,light_type,TRUE,None,49,0.911429529076588,-2.1214272443279856,-5,0,2,3,139,256,101,0,1
alpha,FALSE,Exclude Intensity,TRUE,TRUE,stratified,light_type,TRUE,smote_tomek,43,0.87353779118485,-0.6341927607990594,-5,0.3807199442490315,3,0,159,0,0,157,1
alpha,FALSE,Exclude Intensity,TRUE,TRUE,stratified,location,TRUE,None,21,0.6631209166420434,-0.6467575642134813,-4.1918189539797135,0.6655509730325107,1,1,8,32,128,86,0
alpha,FALSE,Exclude Intensity,TRUE,TRUE,stratified,location,TRUE,smote_tomek,24,0.6133490922223317,-3.795641911380921,-2.622642219590964,0,2,2,203,89,154,215,1
alpha,FALSE,Exclude Intensity,TRUE,FALSE,parwise,light_type,TRUE,None,20,0.8620773646513588,-3.3368359541293895,-2.1146637769195324,0.30497265144560654,2,1,24,55,77,226,0
alpha,FALSE,Exclude Intensity,TRUE,FALSE,parwise,light_type,TRUE,smote_tomek,30,0.8614848851906467,-0.3,-4.417548591981522,0.4509559897445319,4,0,236,65,256,39,1
alpha,FALSE,Exclude Intensity,TRUE,FALSE,parwise,location,TRUE,None,27,0.6336791896144769,-0.807789970919012,-4.872315606464767,0.3995064721025205,0,3,30,194,0,171,0
alpha,FALSE,Exclude Intensity,TRUE,FALSE,parwise,location,TRUE,smote_tomek,18,0.645898898505114,-2.632051073379883,-4.027214812363955,0.7,4,0,133,0,33,0,1
alpha,FALSE,Exclude Intensity,TRUE,FALSE,stratified,light_type,TRUE,None,10,0.8421652421652421,-2.1009842890267754,-3.470935299364371,0.32589655225618086,2,0,52,246,161,5,1
alpha,FALSE,Exclude Intensity,TRUE,FALSE,stratified,light_type,TRUE,smote_tomek,15,0.8410423998659293,-4,-1,0,0,0,256,256,256,256,1
alpha,FALSE,Exclude Intensity,TRUE,FALSE,stratified,location,TRUE,None,11,0.6039265898420828,-2.887696236427737,-3.793173183128176,0.6468821727736214,2,2,256,38,23,0,1
alpha,FALSE,Exclude Intensity,TRUE,FALSE,stratified,location,TRUE,smote_tomek,8,0.6016612495485735,-3.695029197890402,-5,0.4170704508324545,2,1,185,193,166,60,0
alpha,FALSE,Include Intensity,TRUE,TRUE,parwise,light_type,TRUE,None,47,0.9242021276595744,-1.2775229490983722,-1,0.7,0,3,256,0,157,146,1
alpha,FALSE,Include Intensity,TRUE,TRUE,parwise,light_type,TRUE,smote_tomek,39,0.8931957025489782,-2.2785322594190607,-4.457562435211869,0.3339145327334449,2,0,8,9,152,219,1
alpha,FALSE,Include Intensity,TRUE,TRUE,parwise,location,TRUE,None,8,0.691089693154996,-1.4452915809090312,-2.9372319593772285,0.6861598104862665,3,2,49,246,6,0,0
alpha,FALSE,Include Intensity,TRUE,TRUE,parwise,location,TRUE,smote_tomek,21,0.6906840086546026,-0.8992711000854445,-3.312100665077689,0.6454557272427369,1,3,54,0,117,216,0
alpha,FALSE,Include Intensity,TRUE,TRUE,stratified,light_type,TRUE,None,20,0.9093933299815652,-1.4306384011857638,-5,0.26698158978433945,0,0,256,0,256,0,1
alpha,FALSE,Include Intensity,TRUE,TRUE,stratified,light_type,TRUE,smote_tomek,41,0.864035528741411,-4,-1.252187466482598,0.08232756254195002,2,2,126,142,238,188,1
alpha,FALSE,Include Intensity,TRUE,TRUE,stratified,location,TRUE,None,28,0.662070324042155,-1.3700086804069067,-4.883902197801257,0.21413567749195933,1,0,43,59,163,186,1
alpha,FALSE,Include Intensity,TRUE,TRUE,stratified,location,TRUE,smote_tomek,15,0.6131192750911061,-2.5858914821132326,-4.893605497034758,0.6531488563896946,2,0,56,0,7,256,0
alpha,FALSE,Include Intensity,TRUE,FALSE,parwise,light_type,TRUE,None,35,0.8638416368232568,-3.2966837694885656,-5,0.7,0,0,110,256,0,256,1
alpha,FALSE,Include Intensity,TRUE,FALSE,parwise,light_type,TRUE,smote_tomek,5,0.8608529070992206,-1.7430123662043022,-1.6672203530553418,0.12135525745544049,2,1,195,109,53,145,0
alpha,FALSE,Include Intensity,TRUE,FALSE,parwise,location,TRUE,None,45,0.6882376081825334,-0.6835917657135973,-4.926662322048259,0.06392956410289895,2,0,8,106,0,0,0
alpha,FALSE,Include Intensity,TRUE,FALSE,parwise,location,TRUE,smote_tomek,15,0.6862091856805664,-1.298679743444041,-4.608920341345861,0.5961977275162572,2,2,63,76,242,18,1
alpha,FALSE,Include Intensity,TRUE,FALSE,stratified,light_type,TRUE,None,6,0.837355455002514,-0.41238922518540866,-5,0.5003949992803335,2,3,55,0,256,42,1
alpha,FALSE,Include Intensity,TRUE,FALSE,stratified,light_type,TRUE,smote_tomek,31,0.8451985922574159,-1.9209734470237232,-4.153125288275679,0.15300309362936254,0,3,38,223,131,113,1
alpha,FALSE,Include Intensity,TRUE,FALSE,stratified,location,TRUE,None,36,0.6331133655077317,-2.6889498496355806,-4.318938675527725,0.1411019217414906,3,0,8,167,166,0,0
alpha,FALSE,Include Intensity,TRUE,FALSE,stratified,location,TRUE,smote_tomek,9,0.6201451131028596,-3.4085449316910528,-3.6902224367135066,0.10964026293066367,0,0,19,143,156,148,0
alpha,TRUE,False,FALSE,TRUE,parwise,light_type,TRUE,None,44,0.9361424756618096,-1.0523398878169297,-1.3926571650983712,0.6885482392304905,0,3,11,14,132,12,1
alpha,TRUE,False,FALSE,TRUE,parwise,light_type,TRUE,smote_tomek,8,0.8882335625223408,-4,-1,0.49885047835601926,2,3,8,57,0,0,1
alpha,TRUE,False,FALSE,TRUE,parwise,location,TRUE,None,28,0.7269123033828917,-3.5386144708734375,-5,0.1586474454491841,2,0,89,242,256,0,1
alpha,TRUE,False,FALSE,TRUE,parwise,location,TRUE,smote_tomek,37,0.6647705235940531,-3.1013287593399435,-2.237375108923467,0,3,0,256,256,0,256,1
alpha,TRUE,False,FALSE,TRUE,stratified,light_type,TRUE,None,40,0.8909934580861099,-3.2450929767814625,-5,0,1,3,256,0,157,256,1
alpha,TRUE,False,FALSE,TRUE,stratified,light_type,TRUE,smote_tomek,33,0.8821141584719859,-2.9929677718804015,-3.9298528290490777,0.04061578136078173,2,2,118,0,0,47,1
alpha,TRUE,False,FALSE,TRUE,stratified,location,TRUE,None,29,0.7019290780141844,-0.9070959793138372,-5,0.10701903178685304,2,1,76,25,245,83,0
alpha,TRUE,False,FALSE,TRUE,stratified,location,TRUE,smote_tomek,39,0.6900992907801419,-2.8497889849412483,-1.6002862364606023,0.37963100261364624,4,3,187,231,232,43,1
alpha,TRUE,False,FALSE,FALSE,parwise,light_type,TRUE,None,29,0.877194642444122,-2.101482985546794,-4.194754550198876,0.6087892834784296,0,0,256,0,0,211,1
alpha,TRUE,False,FALSE,FALSE,parwise,light_type,TRUE,smote_tomek,29,0.877941083706554,-1.70953207171112,-5,0.5108398430163001,4,0,256,256,256,256,1
alpha,TRUE,False,FALSE,FALSE,parwise,location,TRUE,None,40,0.6711484593837536,-2.2571243648409096,-1.4981745792819838,0,2,3,201,9,179,152,1
alpha,TRUE,False,FALSE,FALSE,parwise,location,TRUE,smote_tomek,50,0.6799181210945917,-4,-5,0,0,3,256,256,256,0,1
alpha,TRUE,False,FALSE,FALSE,stratified,light_type,TRUE,None,38,0.8627097077576312,-3.496212501751393,-4.731447985054206,0,2,2,256,50,93,165,1
alpha,TRUE,False,FALSE,FALSE,stratified,light_type,TRUE,smote_tomek,12,0.8531665352751616,-3.933340669796463,-3.3179369649703316,0.07674197392178315,0,0,256,109,141,31,1
alpha,TRUE,False,FALSE,FALSE,stratified,location,TRUE,None,18,0.6896737588652483,-3.0020352898039295,-4.3160232367793885,0,0,1,72,68,4,256,0
alpha,TRUE,False,FALSE,FALSE,stratified,location,TRUE,smote_tomek,34,0.6888510638297872,-4,-1.1539575611917714,0.5941301830290822,3,3,225,256,0,0,1
alpha,TRUE,Include Intensity,FALSE,TRUE,parwise,light_type,TRUE,None,18,0.933009525011039,-1.7852575543875968,-1.8483067446835095,0.10829348268672336,1,2,192,216,70,40,1
alpha,TRUE,Include Intensity,FALSE,TRUE,parwise,light_type,TRUE,smote_tomek,29,0.8901049223070292,-0.3,-5,0,3,3,128,44,2,28,1
alpha,TRUE,Include Intensity,FALSE,TRUE,parwise,location,TRUE,None,24,0.7172053436759318,-1.8036934337567632,-4.73544981534617,0.36081477052041894,0,1,256,247,212,67,1
alpha,TRUE,Include Intensity,FALSE,TRUE,parwise,location,TRUE,smote_tomek,28,0.6348093083387201,-2.426705067089205,-4.371875838115773,0.7,2,3,13,0,75,250,0
alpha,TRUE,Include Intensity,FALSE,TRUE,stratified,light_type,TRUE,None,43,0.8890986542743731,-1.1720729080810697,-5,0.43401169298289904,1,0,66,48,173,89,1
alpha,TRUE,Include Intensity,FALSE,TRUE,stratified,light_type,TRUE,smote_tomek,34,0.8785596724893848,-2.5900399292396488,-3.0839332288324837,0,0,2,246,0,235,0,1
alpha,TRUE,Include Intensity,FALSE,TRUE,stratified,location,TRUE,None,27,0.66977304964539,-0.511332420362546,-3.45283149166782,0.5706056730902238,1,1,57,46,0,0,1
alpha,TRUE,Include Intensity,FALSE,TRUE,stratified,location,TRUE,smote_tomek,46,0.656340425531915,-1.9425992308600104,-3.1395821358463065,0.7,0,0,88,249,0,133,0
alpha,TRUE,Include Intensity,FALSE,FALSE,parwise,light_type,TRUE,None,17,0.8851321516432221,-1.674522262346259,-5,0.23810420153331932,4,2,256,24,24,32,1
alpha,TRUE,Include Intensity,FALSE,FALSE,parwise,light_type,TRUE,smote_tomek,50,0.8876973864042559,-1.8590834985050004,-4.471173245879102,0,0,0,92,0,0,256,1
alpha,TRUE,Include Intensity,FALSE,FALSE,parwise,location,TRUE,None,42,0.6808877397112691,-1.8727650440998724,-4.909225868560133,0.16409403250664978,2,0,233,57,0,256,1
alpha,TRUE,Include Intensity,FALSE,FALSE,parwise,location,TRUE,smote_tomek,46,0.6616892911010558,-3.3494809630669877,-5,0,1,1,233,256,256,70,1
alpha,TRUE,Include Intensity,FALSE,FALSE,stratified,light_type,TRUE,None,43,0.8211554154046167,-2.951269811480401,-2.140600467205918,0.23585719392523055,2,0,37,45,110,55,1
alpha,TRUE,Include Intensity,FALSE,FALSE,stratified,light_type,TRUE,smote_tomek,45,0.8179328658561885,-1.3437793061468293,-3.894048205938245,0.7,4,0,8,0,0,0,1
alpha,TRUE,Include Intensity,FALSE,FALSE,stratified,location,TRUE,None,21,0.6117163120567376,-0.3,-5,0.2677222138424977,3,1,135,70,256,234,1
alpha,TRUE,Include Intensity,FALSE,FALSE,stratified,location,TRUE,smote_tomek,21,0.62436879432624115,-4,-5,0,4,0,60,198,0,256,1
alpha,TRUE,Exclude Intensity,FALSE,TRUE,parwise,light_type,TRUE,None,22,0.9380033221892808,-3.0699221954143763,-1.7262152599408007,0.5151342858048168,0,1,256,41,175,199,1
alpha,TRUE,Exclude Intensity,FALSE,TRUE,parwise,light_type,TRUE,smote_tomek,3,0.8993460754010807,-2.5205144046535546,-4.813337347145538,0.6816288631890215,1,0,161,98,252,119,1
alpha,TRUE,Exclude Intensity,FALSE,TRUE,parwise,location,TRUE,None,41,0.6840443869855635,-2.7085456645626973,-4.437484504751759,0.13212801064930552,4,2,256,1,147,122,1
alpha,TRUE,Exclude Intensity,FALSE,TRUE,parwise,location,TRUE,smote_tomek,8,0.6039215686274509,-0.3,-3.862751819320251,0.17597632435778965,3,1,18,140,24,215,1
alpha,TRUE,Exclude Intensity,FALSE,TRUE,stratified,light_type,TRUE,None,50,0.8900391408378628,-1.7693512600266614,-5,0.07582852430652415,4,0,143,0,256,215,1
alpha,TRUE,Exclude Intensity,FALSE,TRUE,stratified,light_type,TRUE,smote_tomek,42,0.8779926144143397,-3.3103270194331547,-3.4738286843781863,0.4747207588798856,4,2,33,182,0,250,1
alpha,TRUE,Exclude Intensity,FALSE,TRUE,stratified,location,TRUE,None,25,0.6599432624113476,-2.818037579962602,-4.64245516271632,0.07543634798950276,2,2,233,5,79,0,1
alpha,TRUE,Exclude Intensity,FALSE,TRUE,stratified,location,TRUE,smote_tomek,29,0.6466666666666667,-3.052663164010279,-2.766719988293754,0.5438925261842503,0,2,10,256,37,256,0
alpha,TRUE,Exclude Intensity,FALSE,FALSE,parwise,light_type,TRUE,None,32,0.8832502786013162,-4,-1.8855146485494785,0,1,0,8,218,0,107,1
alpha,TRUE,Exclude Intensity,FALSE,FALSE,parwise,light_type,TRUE,smote_tomek,29,0.8804958052103702,-4,-3.960657602377218,0,4,0,256,256,256,0,1
alpha,TRUE,Exclude Intensity,FALSE,FALSE,parwise,location,TRUE,None,48,0.6256410256410256,-1.9153750012240136,-4.616188338739844,0.14981620814971763,2,3,151,248,89,84,1
alpha,TRUE,Exclude Intensity,FALSE,FALSE,parwise,location,TRUE,smote_tomek,46,0.6494074552898083,-2.799158759246932,-4.063309331555093,0,3,1,248,243,91,100,1
alpha,TRUE,Exclude Intensity,FALSE,FALSE,stratified,light_type,TRUE,None,40,0.8162178609462956,-3.3988608683116213,-1,1.5047283516305e-4,1,0,255,228,187,104,1
alpha,TRUE,Exclude Intensity,FALSE,FALSE,stratified,light_type,TRUE,smote_tomek,17,0.8206021880143285,-4,-4.924030856607183,0,3,2,256,256,137,0,1
alpha,TRUE,Exclude Intensity,FALSE,FALSE,stratified,location,TRUE,None,21,0.6116879432624114,-1.8113423422032289,-3.173212665139006,0,1,1,46,72,1,0,1
alpha,TRUE,Exclude Intensity,FALSE,FALSE,stratified,location,TRUE,smote_tomek,9,0.613758865248227,-1.1102581279064117,-4.4632452117109995,0.43127195211692376,3,1,195,50,133,200,1
alpha,TRUE,Exclude Intensity,TRUE,TRUE,parwise,light_type,TRUE,None,14,0.9329990117538216,-3.8053905455571457,-5,0.46055100181441266,4,3,159,218,164,256,1
alpha,TRUE,Exclude Intensity,TRUE,TRUE,parwise,light_type,TRUE,smote_tomek,19,0.8965337790954394,-0.3,-1,0.6041670544418436,0,0,161,246,0,256,1
alpha,TRUE,Exclude Intensity,TRUE,TRUE,parwise,location,TRUE,None,23,0.7051174315880198,-2.4408921319550174,-3.968664740163165,0.2507094918769092,4,0,238,0,142,127,0
alpha,TRUE,Exclude Intensity,TRUE,TRUE,parwise,location,TRUE,smote_tomek,21,0.6154492566257272,-2.03261100536297,-5,0.3282493965820925,3,2,215,23,79,43,1
alpha,TRUE,Exclude Intensity,TRUE,TRUE,stratified,light_type,TRUE,None,25,0.8901359556311633,-1.4746100508108655,-3.8122874818167016,0.39105651037334777,4,3,154,214,245,57,1
alpha,TRUE,Exclude Intensity,TRUE,TRUE,stratified,light_type,TRUE,smote_tomek,40,0.8778681382515249,-3.057411233068218,-1,0.09883281650632912,4,0,51,137,0,0,1
alpha,TRUE,Exclude Intensity,TRUE,TRUE,stratified,location,TRUE,None,29,0.6827517730496455,-2.0990211151183664,-4.904689726598905,0,1,2,103,0,0,76,1
alpha,TRUE,Exclude Intensity,TRUE,TRUE,stratified,location,TRUE,smote_tomek,30,0.6536312056737589,-1.885630683897558,-2.6899988547896228,0.3602224904842715,0,2,48,23,207,210,0
alpha,TRUE,Exclude Intensity,TRUE,FALSE,parwise,light_type,TRUE,None,6,0.8782039151369878,-2.626935986624618,-4.145087069712022,0.11109522326841058,4,2,209,0,9,67,0
alpha,TRUE,Exclude Intensity,TRUE,FALSE,parwise,light_type,TRUE,smote_tomek,48,0.8772366954729914,-0.643126741617599,-2.7423296270233206,0,4,3,249,47,172,32,0
alpha,TRUE,Exclude Intensity,TRUE,FALSE,parwise,location,TRUE,None,45,0.6504201680672269,-2.710116120342067,-4.426085850916356,0.4193899012651004,1,2,239,179,24,85,0
alpha,TRUE,Exclude Intensity,TRUE,FALSE,parwise,location,TRUE,smote_tomek,33,0.6459383753501401,-1.64319315277079,-2.9964835921496684,0,3,0,187,144,168,0,1
alpha,TRUE,Exclude Intensity,TRUE,FALSE,stratified,light_type,TRUE,None,21,0.8122899464752499,-2.7385006924991924,-4.554712611072937,0,4,3,256,0,0,60,1
alpha,TRUE,Exclude Intensity,TRUE,FALSE,stratified,light_type,TRUE,smote_tomek,42,0.8167226809399334,-1.969007069609656,-3.690657195071888,0.34506130925521317,1,3,72,156,123,17,1
alpha,TRUE,Exclude Intensity,TRUE,FALSE,stratified,location,TRUE,None,35,0.6243971631205674,-3.411626841504652,-5,0,4,2,256,256,71,256,0
alpha,TRUE,Exclude Intensity,TRUE,FALSE,stratified,location,TRUE,smote_tomek,4,0.6164680851063831,-1.4828621072252144,-3.1980029921218276,0.00928547281190657,4,2,104,4,59,62,1
alpha,TRUE,Include Intensity,TRUE,TRUE,parwise,light_type,TRUE,None,1,0.9339241783889484,-1.0527909486171376,-4.266260840535344,0.5457837001909386,2,1,33,118,85,37,1
alpha,TRUE,Include Intensity,TRUE,TRUE,parwise,light_type,TRUE,smote_tomek,24,0.915399819171976,-0.3,-4.004955809596417,0,0,3,256,108,256,256,1
alpha,TRUE,Include Intensity,TRUE,TRUE,parwise,location,TRUE,None,11,0.7307153630683042,-1.192978803036345,-3.519024615082614,0.3289153781221357,4,1,256,227,182,0,1
alpha,TRUE,Include Intensity,TRUE,TRUE,parwise,location,TRUE,smote_tomek,36,0.6648890325360914,-1.46565954537307,-5,0.45160532334002856,4,1,130,0,238,208,1
alpha,TRUE,Include Intensity,TRUE,TRUE,stratified,light_type,TRUE,None,1,0.8943128224278383,-1.0527909486171376,-4.266260840535344,0.5457837001909386,2,1,33,118,85,37,1
alpha,TRUE,Include Intensity,TRUE,TRUE,stratified,light_type,TRUE,smote_tomek,38,0.8829301688726608,-1.6528642146492394,-1,0,0,1,80,256,243,1,1
alpha,TRUE,Include Intensity,TRUE,TRUE,stratified,location,TRUE,None,44,0.6745390070921986,-2.503002959967517,-4.681137179590667,0.6800146363162721,4,2,63,86,233,51,1
alpha,TRUE,Include Intensity,TRUE,TRUE,stratified,location,TRUE,smote_tomek,30,0.6521702127659574,-3.131884921608524,-5,0.4082268558950609,4,3,52,105,182,160,1
alpha,TRUE,Include Intensity,TRUE,FALSE,parwise,light_type,TRUE,None,41,0.8831451460291427,-2.4343434539554027,-3.726022059747291,0,0,3,254,74,0,184,1
alpha,TRUE,Include Intensity,TRUE,FALSE,parwise,light_type,TRUE,smote_tomek,25,0.8830400134569693,-4,-5,0,4,0,256,0,256,256,0
alpha,TRUE,Include Intensity,TRUE,FALSE,parwise,location,TRUE,None,18,0.6763089851325146,-2.3871812709398905,-4.722388166074443,0.35416551359015347,4,2,256,167,15,127,1
alpha,TRUE,Include Intensity,TRUE,FALSE,parwise,location,TRUE,smote_tomek,29,0.6778496013790132,-1.1704434730690871,-4.695736044151916,0,4,0,103,0,256,0,0
alpha,TRUE,Include Intensity,TRUE,FALSE,stratified,light_type,TRUE,None,50,0.8249865150823616,-2.481742668341937,-3.1879599019498883,0.19631289470819677,0,0,159,9,96,91,1
alpha,TRUE,Include Intensity,TRUE,FALSE,stratified,light_type,TRUE,smote_tomek,43,0.8202702515801558,-3.474298631439461,-4.09589476683784,0,4,2,256,164,0,47,1
alpha,TRUE,Include Intensity,TRUE,FALSE,stratified,location,TRUE,None,39,0.6281418439716311,-4,-2.2138308080853903,0,1,1,235,22,256,100,1
alpha,TRUE,Include Intensity,TRUE,FALSE,stratified,location,TRUE,smote_tomek,4,0.6305531914893617,-1.4828621072252144,-3.1980029921218276,0.00928547281190657,4,2,104,4,59,62,1
alpha,TRUE,False,TRUE,TRUE,parwise,light_type,TRUE,None,16,0.9364053070922432,-2.263264063120914,-1,0.12479796158873505,3,0,217,0,247,244,1
alpha,TRUE,False,TRUE,TRUE,parwise,light_type,TRUE,smote_tomek,19,0.896118505435354,-1.8317334420945617,-5,0,4,3,8,212,249,256,1
alpha,TRUE,False,TRUE,TRUE,parwise,location,TRUE,None,35,0.728162034044387,-1.8471453827586548,-5,0.3792656726649014,0,3,238,128,23,201,0
alpha,TRUE,False,TRUE,TRUE,parwise,location,TRUE,smote_tomek,4,0.6635854341736696,-1.4828621072252144,-3.1980029921218276,0.00928547281190657,4,2,104,4,59,62,1
alpha,TRUE,False,TRUE,TRUE,stratified,light_type,TRUE,None,3,0.8910902728794103,-2.5205144046535546,-4.813337347145538,0.6816288631890215,1,0,161,98,252,119,1
alpha,TRUE,False,TRUE,TRUE,stratified,light_type,TRUE,smote_tomek,29,0.8811045184847102,-1.8394192125253532,-4.322941196716552,0.17621175092533478,3,0,256,254,14,66,1
alpha,TRUE,False,TRUE,TRUE,stratified,location,TRUE,None,34,0.6992340425531915,-1.0415892759568162,-4.573818043302675,0.03289729538917003,4,2,63,62,62,15,1
alpha,TRUE,False,TRUE,TRUE,stratified,location,TRUE,smote_tomek,26,0.6748085106382978,-3.4074185601456795,-1.6345366201360014,0.04253773962557331,4,0,8,202,61,234,1
alpha,TRUE,False,TRUE,FALSE,parwise,light_type,TRUE,None,44,0.8806219642969785,-1.5237672085539402,-3.793277643537868,0.3533737897797681,4,1,69,145,96,256,1
alpha,TRUE,False,TRUE,FALSE,parwise,light_type,TRUE,smote_tomek,24,0.8788557370844635,-2.129708316513814,-1,0.7,4,3,256,0,256,256,1
alpha,TRUE,False,TRUE,FALSE,parwise,location,TRUE,None,47,0.680736910148675,-4,-3.394246904540529,0,1,0,196,34,0,87,1
alpha,TRUE,False,TRUE,FALSE,parwise,location,TRUE,smote_tomek,48,0.6884938590820944,-2.7225780421335144,-3.129197322575142,0.6475196280008341,3,0,131,42,233,53,1
alpha,TRUE,False,TRUE,FALSE,stratified,light_type,TRUE,None,20,0.8586019943847419,-3.3641115887034876,-1,0,0,3,34,175,256,17,1
alpha,TRUE,False,TRUE,FALSE,stratified,light_type,TRUE,smote_tomek,34,0.8498333402486755,-0.8542242540139893,-5,0.3581754871803261,3,0,232,228,5,146,1
alpha,TRUE,False,TRUE,FALSE,stratified,location,TRUE,None,41,0.6871205673758866,-1.7259521172169188,-3.242407627507945,0.2637595544958739,3,0,246,229,210,222,0
alpha,TRUE,False,TRUE,FALSE,stratified,location,TRUE,smote_tomek,13,0.6807659574468086,-2.693271616288417,-3.632888802704654,0.30954159557497224,0,1,9,232,113,133,1
alpha,FALSE,False,TRUE,TRUE,parwise,light_type,TRUE,None,4,0.9377404907588468,-1.4828621072252144,-3.1980029921218276,0.00928547281190657,4,2,104,4,59,62,1
alpha,FALSE,False,TRUE,TRUE,parwise,light_type,TRUE,smote_tomek,33,0.9042873062932358,-1.943838110817784,-5,0.43170738671844566,3,0,55,163,11,256,1
alpha,FALSE,False,TRUE,TRUE,parwise,location,TRUE,None,46,0.6995582848524025,-3.152794749941399,-5,0,4,1,21,256,164,124,1
alpha,FALSE,False,TRUE,TRUE,parwise,location,TRUE,smote_tomek,24,0.7138009049773756,-3.729392611444635,-2.909145082516949,0,4,0,175,256,60,256,1
alpha,FALSE,False,TRUE,TRUE,stratified,light_type,TRUE,None,39,0.8896587970070398,-2.6280594703949913,-5,0.22386617182558785,4,0,181,8,256,0,1
alpha,FALSE,False,TRUE,TRUE,stratified,light_type,TRUE,smote_tomek,8,0.8732141128307263,-2.1557823857602094,-4.106900427424669,0.6537999841244595,1,2,172,76,249,38,1
alpha,FALSE,False,TRUE,TRUE,stratified,location,TRUE,None,32,0.6753333333333333,-2.063401672279964,-1,0.5832047817014185,0,3,127,0,36,57,1
alpha,FALSE,False,TRUE,TRUE,stratified,location,TRUE,smote_tomek,25,0.6783262411347517,-1.2242062950925297,-4.160842011699706,0.30401835430158053,1,2,228,93,116,236,1
alpha,FALSE,False,TRUE,FALSE,parwise,light_type,TRUE,None,39,0.8712116113690916,-4,-3.8655889876343377,0,4,3,256,48,194,173,1
alpha,FALSE,False,TRUE,FALSE,parwise,light_type,TRUE,smote_tomek,32,0.8786930479843866,-3.138535756125728,-3.01129270718757,0.44444054752676504,2,2,197,78,45,189,1
alpha,FALSE,False,TRUE,FALSE,parwise,location,TRUE,None,48,0.6416204217536071,-2.991116355122068,-5,0.4053825002217861,1,0,46,0,223,236,1
alpha,FALSE,False,TRUE,FALSE,parwise,location,TRUE,smote_tomek,13,0.6546503884572696,-2.2291518885820194,-2.076993376236791,0,0,0,37,157,256,207,1
alpha,FALSE,False,TRUE,FALSE,stratified,light_type,TRUE,None,30,0.832316715542522,-1.845376274063918,-5,0,4,0,256,0,256,0,1
alpha,FALSE,False,TRUE,FALSE,stratified,light_type,TRUE,smote_tomek,11,0.8284457478005866,-2.1649969378536853,-5,0.5011319281670822,4,0,240,81,179,256,1
alpha,FALSE,False,TRUE,FALSE,stratified,location,TRUE,None,44,0.6731014492753624,-3.2590231783099775,-2.6809842167944664,0.02510066388357319,2,1,135,231,98,35,1
alpha,FALSE,False,TRUE,FALSE,stratified,location,TRUE,smote_tomek,33,0.6591014492753624,-1.103729195253572,-4.052704588053079,0.3911060362267967,4,3,158,240,0,251,1
sensor,FALSE,False,FALSE,TRUE,parwise,light_type,TRUE,None,3,0.9390178515107552,-2.5205144046535546,-4.813337347145538,0.6816288631890215,1,0,161,98,252,119,1
sensor,FALSE,False,FALSE,TRUE,parwise,light_type,TRUE,smote_tomek,17,0.925282280956286,-2.1677152353356894,-1.989866918884494,0,3,0,188,111,9,72,1
sensor,FALSE,False,FALSE,TRUE,parwise,location,TRUE,None,40,0.6899590605472958,-1.01036394022697,-3.667560612632944,0.02738261186301065,2,1,149,154,69,256,0
sensor,FALSE,False,FALSE,TRUE,parwise,location,TRUE,smote_tomek,3,0.7190691661279897,-2.5205144046535546,-4.813337347145538,0.6816288631890215,1,0,161,98,252,119,1
sensor,FALSE,False,FALSE,TRUE,stratified,light_type,TRUE,None,31,0.8916642462968342,-2.9870017624374796,-5,0.3366880746747644,1,0,193,224,0,42,1
sensor,FALSE,False,FALSE,TRUE,stratified,light_type,TRUE,smote_tomek,6,0.871914028463549,-2.570437892593814,-2.7680307404261897,0.5398759469873285,2,0,241,220,254,256,1
sensor,FALSE,False,FALSE,TRUE,stratified,location,TRUE,None,33,0.7020567375886525,-1.8104216088293184,-5,0,0,3,256,81,16,0,1
sensor,FALSE,False,FALSE,TRUE,stratified,location,TRUE,smote_tomek,3,0.6898581560283688,-2.5205144046535546,-4.813337347145538,0.6816288631890215,1,0,161,98,252,119,1
sensor,FALSE,False,FALSE,FALSE,parwise,light_type,TRUE,None,22,0.8735949764521194,-1.1208270722720814,-4.8165744622370195,0.5244605780683006,0,3,203,126,43,256,0
sensor,FALSE,False,FALSE,FALSE,parwise,light_type,TRUE,smote_tomek,3,0.891287284144427,-2.5205144046535546,-4.813337347145538,0.6816288631890215,1,0,161,98,252,119,1
sensor,FALSE,False,FALSE,FALSE,parwise,location,TRUE,None,46,0.6862140502444014,-2.7397457515259656,-5,0.4360258246741888,0,2,170,66,242,111,0
sensor,FALSE,False,FALSE,FALSE,parwise,location,TRUE,smote_tomek,34,0.671450494486757,-2.2015550190938753,-4.968718246036156,0.7,2,0,112,157,238,239,0
sensor,FALSE,False,FALSE,FALSE,stratified,light_type,TRUE,None,33,0.852487904571238,-2.946304091562519,-5,0,4,3,256,0,256,256,1
sensor,FALSE,False,FALSE,FALSE,stratified,light_type,TRUE,smote_tomek,20,0.8427072906239572,-4,-5,0,0,0,8,67,0,24,1
sensor,FALSE,False,FALSE,FALSE,stratified,location,TRUE,None,2,0.6069274837931554,-3.791277157599729,-2.1120049109327006,0.6569868963110252,0,3,161,157,2,6,1
sensor,FALSE,False,FALSE,FALSE,stratified,location,TRUE,smote_tomek,25,0.6621061359867331,-2.7756875809901027,-5,0.21239991003948677,2,3,256,47,105,181,1
sensor,FALSE,Include Intensity,FALSE,TRUE,parwise,light_type,TRUE,None,47,0.9361570465557194,-3.889443289092477,-1.3230366353126597,0.5939293549285813,3,1,256,0,38,195,1
sensor,FALSE,Include Intensity,FALSE,TRUE,parwise,light_type,TRUE,smote_tomek,37,0.925874236359806,-3.110796633342878,-3.3341955925455133,0.28124512710154737,4,1,43,161,256,46,0
sensor,FALSE,Include Intensity,FALSE,TRUE,parwise,location,TRUE,None,26,0.7028545436664044,-0.35804437516451504,-5,0.6676513782266419,1,1,256,178,170,0,1
sensor,FALSE,Include Intensity,FALSE,TRUE,parwise,location,TRUE,smote_tomek,32,0.6817220692368213,-1.1058477779043896,-3.236896404144052,0.7,1,0,26,188,162,66,1
sensor,FALSE,Include Intensity,FALSE,TRUE,stratified,light_type,TRUE,None,45,0.8838277191218368,-4,-1,0,4,0,250,0,256,256,1
sensor,FALSE,Include Intensity,FALSE,TRUE,stratified,light_type,TRUE,smote_tomek,27,0.8695072900955254,-0.3,-3.9596860715010864,0.21044473474512104,3,1,235,256,20,94,1
sensor,FALSE,Include Intensity,FALSE,TRUE,stratified,location,TRUE,None,45,0.7203782133359599,-1.150700220503499,-4.890788540885581,0.45328826975377384,4,2,76,17,110,0,1
sensor,FALSE,Include Intensity,FALSE,TRUE,stratified,location,TRUE,smote_tomek,35,0.678814143602876,-2.938214770148006,-5,0.542360425272085,2,1,156,0,150,164,0
sensor,FALSE,Include Intensity,FALSE,FALSE,parwise,light_type,TRUE,None,33,0.888455866863282,-3.028425168928037,-4.725560239163764,0.7,0,3,256,256,237,86,1
sensor,FALSE,Include Intensity,FALSE,FALSE,parwise,light_type,TRUE,smote_tomek,15,0.891378765536128,-2.7757838263534973,-2.92277963240214,0.4415441089734761,1,1,65,256,176,110,1
sensor,FALSE,Include Intensity,FALSE,FALSE,parwise,location,TRUE,None,28,0.6902906176239182,-0.3,-4.508252100685867,0.6473583217389082,2,3,21,0,251,0,1
sensor,FALSE,Include Intensity,FALSE,FALSE,parwise,location,TRUE,smote_tomek,22,0.6633679189614478,-3.642813530325568,-5,0.7,0,2,45,72,0,187,1
sensor,FALSE,Include Intensity,FALSE,FALSE,stratified,light_type,TRUE,None,41,0.8840539634657283,-2.9938058758479063,-1,0.31412152377413805,0,1,256,254,40,94,1
sensor,FALSE,Include Intensity,FALSE,FALSE,stratified,light_type,TRUE,smote_tomek,3,0.8781045751633988,-2.5205144046535546,-4.813337347145538,0.6816288631890215,1,0,161,98,252,119,1
sensor,FALSE,Include Intensity,FALSE,FALSE,stratified,location,TRUE,None,46,0.6272037821333596,-3.1799147123187983,-1.322914019443378,0.1402846528067451,0,3,67,153,103,132,1
sensor,FALSE,Include Intensity,FALSE,FALSE,stratified,location,TRUE,smote_tomek,8,0.6361338192324107,-4,-1,0,4,2,8,0,0,250,1
sensor,FALSE,Exclude Intensity,FALSE,TRUE,parwise,light_type,TRUE,None,29,0.935432904992627,-4,-4.484159861087243,0.4698585110260245,0,1,129,163,108,0,1
sensor,FALSE,Exclude Intensity,FALSE,TRUE,parwise,light_type,TRUE,smote_tomek,36,0.9251369285864756,-0.642789787955993,-2.1971743194651037,0.01802341600315887,4,2,256,71,15,104,1
sensor,FALSE,Exclude Intensity,FALSE,TRUE,parwise,location,TRUE,None,1,0.6238935877261998,-1.0527909486171376,-4.266260840535344,0.5457837001909386,2,1,33,118,85,37,1
sensor,FALSE,Exclude Intensity,FALSE,TRUE,parwise,location,TRUE,smote_tomek,1,0.6019128638867033,-1.0527909486171376,-4.266260840535344,0.5457837001909386,2,1,33,118,85,37,1
sensor,FALSE,Exclude Intensity,FALSE,TRUE,stratified,light_type,TRUE,None,37,0.8930450812803754,-1.7608309782836136,-4.952684110671216,0.34827098802514184,4,2,153,63,2,9,1
sensor,FALSE,Exclude Intensity,FALSE,TRUE,stratified,light_type,TRUE,smote_tomek,50,0.8638679403385285,-0.6383019319935954,-4.659488011757825,0.1246688881769952,1,3,212,55,0,0,1
sensor,FALSE,Exclude Intensity,FALSE,TRUE,stratified,location,TRUE,None,6,0.7439508847959553,-1.2425334151403242,-4.014257030796209,0.16469484505747825,3,2,45,102,21,138,1
sensor,FALSE,Exclude Intensity,FALSE,TRUE,stratified,location,TRUE,smote_tomek,19,0.6863324468958272,-2.036233674997991,-1.6025605450792937,0.34877471951223016,1,0,219,122,120,121,1
sensor,FALSE,Exclude Intensity,FALSE,FALSE,parwise,light_type,TRUE,None,49,0.8911944385927955,-2.2910257933777993,-2.900733273548519,0.5623691967682648,4,0,88,241,122,0,1
sensor,FALSE,Exclude Intensity,FALSE,FALSE,parwise,light_type,TRUE,smote_tomek,33,0.88900884769328,-1.2457733830644946,-5,0.7,1,3,61,141,0,256,1
sensor,FALSE,Exclude Intensity,FALSE,FALSE,parwise,location,TRUE,None,26,0.6175624508261212,-1.7946942486809363,-2.6764010925063246,0.22953457081487905,2,2,137,184,15,247,1
sensor,FALSE,Exclude Intensity,FALSE,FALSE,parwise,location,TRUE,smote_tomek,3,0.6216684697088906,-2.5205144046535546,-4.813337347145538,0.6816288631890215,1,0,161,98,252,119,1
sensor,FALSE,Exclude Intensity,FALSE,FALSE,stratified,light_type,TRUE,None,3,0.8774342215518687,-2.5205144046535546,-4.813337347145538,0.6816288631890215,1,0,161,98,252,119,1
sensor,FALSE,Exclude Intensity,FALSE,FALSE,stratified,light_type,TRUE,smote_tomek,49,0.8825121501592089,-1.754948158421604,-3.641120513424228,0.1652300289133496,2,3,252,80,82,24,1
sensor,FALSE,Exclude Intensity,FALSE,FALSE,stratified,location,TRUE,None,47,0.6438819396565876,-0.9873857249225844,-3.466446791066255,0.19616825309621083,4,3,8,0,55,131,1
sensor,FALSE,Exclude Intensity,FALSE,FALSE,stratified,location,TRUE,smote_tomek,45,0.6322597590203224,-2.7870269291558074,-3.288842672493788,0.5930583277527471,4,2,134,47,233,151,1
sensor,FALSE,Exclude Intensity,TRUE,TRUE,parwise,light_type,TRUE,None,37,0.9207525805772068,-2.121671056615314,-1,0.7,1,1,8,0,0,0,1
sensor,FALSE,Exclude Intensity,TRUE,TRUE,parwise,light_type,TRUE,smote_tomek,43,0.8996998104065725,-3.679021985734546,-5,0.4525629179130111,1,2,12,8,254,0,0
sensor,FALSE,Exclude Intensity,TRUE,TRUE,parwise,location,TRUE,None,27,0.6381048387096774,-2.425296749657094,-3.0534751526942028,0.3458339663052145,3,2,217,203,0,235,0
sensor,FALSE,Exclude Intensity,TRUE,TRUE,parwise,location,TRUE,smote_tomek,46,0.6274586939417781,-1.5066192876573117,-4.074453719943922,0.6921435964011469,2,1,229,246,156,256,0
sensor,FALSE,Exclude Intensity,TRUE,TRUE,stratified,light_type,TRUE,None,31,0.8804927099044746,-2.27616700810977,-3.5904925762131343,0.1571417131758948,4,2,45,5,37,12,1
sensor,FALSE,Exclude Intensity,TRUE,TRUE,stratified,light_type,TRUE,smote_tomek,23,0.8574157868275516,-1.019328402579701,-3.0131925678010174,0.12126639657881698,2,0,8,20,256,103,0
sensor,FALSE,Exclude Intensity,TRUE,TRUE,stratified,location,TRUE,None,1,0.6971995141009226,-1.0527909486171376,-4.266260840535344,0.5457837001909386,2,1,33,118,85,37,1
sensor,FALSE,Exclude Intensity,TRUE,TRUE,stratified,location,TRUE,smote_tomek,32,0.6583275879050526,-4,-5,0.4834447159372933,3,3,42,124,187,4,0
sensor,FALSE,Exclude Intensity,TRUE,FALSE,parwise,light_type,TRUE,None,19,0.8847693279966296,-3.901887643806881,-1,0.7,0,0,256,256,0,132,0
sensor,FALSE,Exclude Intensity,TRUE,FALSE,parwise,light_type,TRUE,smote_tomek,28,0.8895223298925637,-3.004819565819038,-3.769829585904061,0.2833215381390095,0,3,8,124,0,29,0
sensor,FALSE,Exclude Intensity,TRUE,FALSE,parwise,location,TRUE,None,31,0.639395653029111,-1.1995864873984488,-1.555441523063731,0.10711444767242707,0,3,35,142,34,203,1
sensor,FALSE,Exclude Intensity,TRUE,FALSE,parwise,location,TRUE,smote_tomek,49,0.6317614083398899,-1.7506863712169023,-2.432075334775843,0.5040849885293491,2,2,203,249,231,93,1
sensor,FALSE,Exclude Intensity,TRUE,FALSE,stratified,light_type,TRUE,None,7,0.8741494888553711,-1.1648382480244508,-5,0.4343118109573222,2,0,232,0,14,35,1
sensor,FALSE,Exclude Intensity,TRUE,FALSE,stratified,light_type,TRUE,smote_tomek,32,0.876529244176303,-2.439426274733139,-2.585248442717685,0.7,4,0,103,71,186,108,1
sensor,FALSE,Exclude Intensity,TRUE,FALSE,stratified,location,TRUE,None,33,0.632555238189041,-1.5374840878058862,-3.9000132514534234,0.5251333335051422,3,1,34,35,0,137,1
sensor,FALSE,Exclude Intensity,TRUE,FALSE,stratified,location,TRUE,smote_tomek,33,0.6034997865983782,-0.798203362519927,-2.586677685822969,0.5498691722788378,0,3,8,256,86,169,1
sensor,FALSE,Include Intensity,TRUE,TRUE,parwise,light_type,TRUE,None,47,0.9194820412892354,-2.9645554268331047,-2.153045791274035,0.7,1,2,8,90,0,101,0
sensor,FALSE,Include Intensity,TRUE,TRUE,parwise,light_type,TRUE,smote_tomek,30,0.9034785127448915,-4,-5,0,1,0,8,71,197,0,0
sensor,FALSE,Include Intensity,TRUE,TRUE,parwise,location,TRUE,None,38,0.680418961447679,-2.245832374811572,-4.613575932482588,0.6760674172659263,4,3,106,153,218,0,0
sensor,FALSE,Include Intensity,TRUE,TRUE,parwise,location,TRUE,smote_tomek,26,0.6722315106215578,-1.3077876985775116,-5,0.667258650144334,0,3,139,10,244,176,1
sensor,FALSE,Include Intensity,TRUE,TRUE,stratified,light_type,TRUE,None,44,0.883710407239819,-0.3,-4.065282353716367,0,0,3,256,202,102,242,1
sensor,FALSE,Include Intensity,TRUE,TRUE,stratified,light_type,TRUE,smote_tomek,30,0.8657114127702363,-2.8236089230938903,-1,0.05905677170179757,3,2,99,77,9,44,1
sensor,FALSE,Include Intensity,TRUE,TRUE,stratified,location,TRUE,None,43,0.6957549492760761,-3.6286736468457024,-2.320780883466331,0.2160901664700305,0,3,256,5,110,0,1
sensor,FALSE,Include Intensity,TRUE,TRUE,stratified,location,TRUE,smote_tomek,10,0.6467710693062805,-3.8391694139823382,-3.067818751269744,0.6144227475472026,2,2,192,3,97,201,1
sensor,FALSE,Include Intensity,TRUE,FALSE,parwise,light_type,TRUE,None,30,0.8922872340425532,-3.2079369729976097,-3.68191859024192,0.6668962072109859,2,1,161,130,205,196,1
sensor,FALSE,Include Intensity,TRUE,FALSE,parwise,light_type,TRUE,smote_tomek,32,0.8917605856330315,-1.0994640294175198,-5,0.7,0,3,8,256,0,0,1
sensor,FALSE,Include Intensity,TRUE,FALSE,parwise,location,TRUE,None,30,0.651074449252557,-1.062444506851716,-5,0.5662214503999782,3,3,38,28,111,239,0
sensor,FALSE,Include Intensity,TRUE,FALSE,parwise,location,TRUE,smote_tomek,34,0.6554755114083398,-1.6982880570954584,-5,0.02171951390353979,2,2,69,256,72,20,1
sensor,FALSE,Include Intensity,TRUE,FALSE,stratified,light_type,TRUE,None,29,0.8761605496899614,-1.9061003615254752,-3.4090985622678636,0.6944289761333938,2,0,256,256,228,193,0
sensor,FALSE,Include Intensity,TRUE,FALSE,stratified,light_type,TRUE,smote_tomek,10,0.8776353276353277,-2.180276454396748,-2.120933458007227,0.07090448468070307,0,1,31,77,172,231,1
sensor,FALSE,Include Intensity,TRUE,FALSE,stratified,location,TRUE,None,23,0.6258084638366328,-0.3,-5,0.6165711654255219,1,3,129,0,81,230,1
sensor,FALSE,Include Intensity,TRUE,FALSE,stratified,location,TRUE,smote_tomek,6,0.6071768606979875,-1.1664282451472712,-5,0.45157053382772455,2,0,15,208,188,75,0
sensor,TRUE,False,FALSE,TRUE,parwise,light_type,TRUE,None,5,0.9346495931369456,-1.7430123662043022,-1.6672203530553418,0.12135525745544049,2,1,195,109,53,145,0
sensor,TRUE,False,FALSE,TRUE,parwise,light_type,TRUE,smote_tomek,1,0.8995773670598626,-1.0527909486171376,-4.266260840535344,0.5457837001909386,2,1,33,118,85,37,1
sensor,TRUE,False,FALSE,TRUE,parwise,location,TRUE,None,7,0.7314156431803492,-3.410731761194419,-2.565964738468866,0.2839870007447431,0,0,170,0,236,256,1
sensor,TRUE,False,FALSE,TRUE,parwise,location,TRUE,smote_tomek,3,0.6910148674854557,-2.5205144046535546,-4.813337347145538,0.6816288631890215,1,0,161,98,252,119,1
sensor,TRUE,False,FALSE,TRUE,stratified,light_type,TRUE,None,28,0.905902936254374,-4,-3.6663676498061,0,0,0,256,256,256,15,1
sensor,TRUE,False,FALSE,TRUE,stratified,light_type,TRUE,smote_tomek,33,0.8865261469095335,-2.390779956099709,-5,0.20976491248655563,0,3,208,232,146,155,1
sensor,TRUE,False,FALSE,TRUE,stratified,location,TRUE,None,44,0.7123404255319148,-2.235806578694973,-5,0,2,1,256,244,0,4,1
sensor,TRUE,False,FALSE,TRUE,stratified,location,TRUE,smote_tomek,45,0.6917163120567376,-3.3666145190479217,-3.529459662889523,0.09738162410717516,4,0,189,239,223,187,1
sensor,TRUE,False,FALSE,FALSE,parwise,light_type,TRUE,None,48,0.8914033095733721,-2.729341078287743,-5,0.7,2,3,256,256,256,0,1
sensor,TRUE,False,FALSE,FALSE,parwise,light_type,TRUE,smote_tomek,3,0.896733530982569,-2.5205144046535546,-4.813337347145538,0.6816288631890215,1,0,161,98,252,119,1
sensor,TRUE,False,FALSE,FALSE,parwise,location,TRUE,None,8,0.6867162249515191,-3.510182620598811,-1,0.08924715392478202,0,3,53,91,218,151,1
sensor,TRUE,False,FALSE,FALSE,parwise,location,TRUE,smote_tomek,3,0.6821697909933204,-2.5205144046535546,-4.813337347145538,0.6816288631890215,1,0,161,98,252,119,1
sensor,TRUE,False,FALSE,FALSE,stratified,light_type,TRUE,None,40,0.8902258550820851,-2.869593668038923,-5,0,4,3,102,256,256,256,1
sensor,TRUE,False,FALSE,FALSE,stratified,light_type,TRUE,smote_tomek,48,0.8918993679377066,-2.5251053030788526,-5,0.33930377203310713,1,0,256,256,256,219,1
sensor,TRUE,False,FALSE,FALSE,stratified,location,TRUE,None,31,0.6435602836879433,-3.556404359111169,-4.981467204419823,0,1,2,256,46,173,90,1
sensor,TRUE,False,FALSE,FALSE,stratified,location,TRUE,smote_tomek,28,0.6735177304964538,-3.169210635432381,-5,0.18416701632191385,4,2,140,212,154,246,1
sensor,TRUE,Include Intensity,FALSE,TRUE,parwise,light_type,TRUE,None,1,0.9366050589793732,-1.0527909486171376,-4.266260840535344,0.5457837001909386,2,1,33,118,85,37,1
sensor,TRUE,Include Intensity,FALSE,TRUE,parwise,light_type,TRUE,smote_tomek,18,0.9256292184444584,-0.8840890186993957,-1,0.02910444706239526,3,1,18,0,90,256,1
sensor,TRUE,Include Intensity,FALSE,TRUE,parwise,location,TRUE,None,3,0.7232708468002585,-2.5205144046535546,-4.813337347145538,0.6816288631890215,1,0,161,98,252,119,1
sensor,TRUE,Include Intensity,FALSE,TRUE,parwise,location,TRUE,smote_tomek,9,0.6280004309416073,-0.3517415695926367,-4.920307263227013,0.03729306109375257,1,1,198,256,28,14,0
sensor,TRUE,Include Intensity,FALSE,TRUE,stratified,light_type,TRUE,None,7,0.8766786993624054,-0.3,-5,0,4,3,256,0,256,93,1
sensor,TRUE,Include Intensity,FALSE,TRUE,stratified,light_type,TRUE,smote_tomek,35,0.8824184335366444,-2.3761404842070295,-5,0.4381475437310438,4,0,256,256,256,0,1
sensor,TRUE,Include Intensity,FALSE,TRUE,stratified,location,TRUE,None,19,0.6998156028368794,-3.977947051739787,-4.143442556552364,0.5588617730978579,4,0,96,214,95,0,0
sensor,TRUE,Include Intensity,FALSE,TRUE,stratified,location,TRUE,smote_tomek,16,0.7013758865248227,-1.0666708283840571,-3.2631683593499736,0.25153592038216427,3,0,251,11,161,252,1
sensor,TRUE,Include Intensity,FALSE,FALSE,parwise,light_type,TRUE,None,37,0.8917712735759793,-1.6739791647459596,-5,0,0,3,256,256,256,80,1
sensor,TRUE,Include Intensity,FALSE,FALSE,parwise,light_type,TRUE,smote_tomek,35,0.8955455329170083,-1.889765171295779,-5,0.6135862338546799,3,3,8,256,0,0,1
sensor,TRUE,Include Intensity,FALSE,FALSE,parwise,location,TRUE,None,44,0.6670006464124112,-4,-5,0,1,1,95,254,108,193,1
sensor,TRUE,Include Intensity,FALSE,FALSE,parwise,location,TRUE,smote_tomek,20,0.6623895712131005,-1.6692512925052614,-5,0.6206388310058711,0,2,161,81,222,52,1
sensor,TRUE,Include Intensity,FALSE,FALSE,stratified,light_type,TRUE,None,42,0.8752195621205205,-1.9332817171736916,-4.936090286979472,0.3659554380277015,4,3,256,195,190,134,1
sensor,TRUE,Include Intensity,FALSE,FALSE,stratified,light_type,TRUE,smote_tomek,37,0.8729789911898538,-2.0024988375582637,-5,0.3557693436343131,3,3,256,256,183,0,1
sensor,TRUE,Include Intensity,FALSE,FALSE,stratified,location,TRUE,None,13,0.6675035460992909,-3.2343354231842816,-3.358922337704098,0.4942897193758304,0,2,110,87,157,256,1
sensor,TRUE,Include Intensity,FALSE,FALSE,stratified,location,TRUE,smote_tomek,46,0.6393900709219859,-3.5248476007189065,-1.1498094338077425,0.3022619967609576,0,2,256,117,147,197,1
sensor,TRUE,Exclude Intensity,FALSE,TRUE,parwise,light_type,TRUE,None,37,0.9382030740764103,-3.0965683848736862,-3.181321370131141,0.16328137107497415,4,3,54,46,65,157,1
sensor,TRUE,Exclude Intensity,FALSE,TRUE,parwise,light_type,TRUE,smote_tomek,10,0.9279894446897538,-0.3,-5,0,4,3,8,63,0,0,1
sensor,TRUE,Exclude Intensity,FALSE,TRUE,parwise,location,TRUE,None,8,0.7105365223012282,-1.0676519588742468,-4.397108065526392,0.5598580129278861,1,3,167,182,66,2,1
sensor,TRUE,Exclude Intensity,FALSE,TRUE,parwise,location,TRUE,smote_tomek,18,0.6370825253178194,-3.1464760337042543,-4.750321595891205,0.01659747335461505,1,0,173,44,172,120,1
sensor,TRUE,Exclude Intensity,FALSE,TRUE,stratified,light_type,TRUE,None,22,0.883483396262949,-0.9702693996593004,-5,0.5090594863553257,0,3,93,256,209,256,1
sensor,TRUE,Exclude Intensity,FALSE,TRUE,stratified,light_type,TRUE,smote_tomek,16,0.8791820533034591,-2.1804212244629384,-4.777698950595355,0.2507707319429212,2,0,227,92,187,38,1
sensor,TRUE,Exclude Intensity,FALSE,TRUE,stratified,location,TRUE,None,22,0.7173191489361703,-3.4048027099173064,-4.090100640764838,0,3,1,8,107,0,135,1
sensor,TRUE,Exclude Intensity,FALSE,TRUE,stratified,location,TRUE,smote_tomek,33,0.707049645390071,-2.988183529152333,-4.877058033225301,0.5737273269884038,1,0,36,0,239,103,0
sensor,TRUE,Exclude Intensity,FALSE,FALSE,parwise,light_type,TRUE,None,30,0.8934008284446688,-4,-1,0.08506906811949588,4,2,256,0,106,193,1
sensor,TRUE,Exclude Intensity,FALSE,FALSE,parwise,light_type,TRUE,smote_tomek,43,0.8886488361824262,-3.535486926067881,-5,0,4,3,193,256,256,256,1
sensor,TRUE,Exclude Intensity,FALSE,FALSE,parwise,location,TRUE,None,27,0.6668929110105581,-0.3,-4.9465547474231535,0.1705222532182656,0,1,67,140,27,117,1
sensor,TRUE,Exclude Intensity,FALSE,FALSE,parwise,location,TRUE,smote_tomek,21,0.6623249299719888,-1.1953978630735935,-4.771740855809352,0.22531831064525665,4,1,102,171,170,244,1
sensor,TRUE,Exclude Intensity,FALSE,FALSE,stratified,light_type,TRUE,None,43,0.8860628189701673,-2.6916004335827495,-4.364308556465652,0.3921636303922506,0,3,256,256,70,256,1
sensor,TRUE,Exclude Intensity,FALSE,FALSE,stratified,light_type,TRUE,smote_tomek,39,0.8850808403524058,-4,-5,0,4,3,256,256,256,256,1
sensor,TRUE,Exclude Intensity,FALSE,FALSE,stratified,location,TRUE,None,14,0.6862269503546099,-2.629256656364812,-4.63518168909524,0.2761621329301418,4,1,89,75,46,0,1
sensor,TRUE,Exclude Intensity,FALSE,FALSE,stratified,location,TRUE,smote_tomek,29,0.6604397163120568,-2.875472498819872,-1,0.5157628548421117,1,1,217,101,235,87,1
sensor,TRUE,Exclude Intensity,TRUE,TRUE,parwise,light_type,TRUE,None,36,0.9358375912025064,-2.0141081407704373,-1,0.7,0,0,256,63,256,256,1
sensor,TRUE,Exclude Intensity,TRUE,TRUE,parwise,light_type,TRUE,smote_tomek,11,0.8802014340082844,-4,-1,0.7,4,0,8,0,256,0,0
sensor,TRUE,Exclude Intensity,TRUE,TRUE,parwise,location,TRUE,None,35,0.730532212885154,-2.9088108155032613,-4.2260874810755595,0.25108922281385593,3,2,65,143,103,88,0
sensor,TRUE,Exclude Intensity,TRUE,TRUE,parwise,location,TRUE,smote_tomek,45,0.6357681534152122,-1.0811985231278642,-4.682156649895995,0.3567651099379091,3,2,11,111,256,253,1
sensor,TRUE,Exclude Intensity,TRUE,TRUE,stratified,light_type,TRUE,None,25,0.8909104739775666,-2.163780364395331,-5,0.43067046710760215,4,0,256,0,256,256,1
sensor,TRUE,Exclude Intensity,TRUE,TRUE,stratified,light_type,TRUE,smote_tomek,43,0.8854611841832289,-1.8175639433653912,-5,0.4008202427519432,2,0,44,256,63,28,1
sensor,TRUE,Exclude Intensity,TRUE,TRUE,stratified,location,TRUE,None,27,0.6939432624113475,-3.618956371661776,-5,0.6783370684612072,2,2,225,0,115,244,0
sensor,TRUE,Exclude Intensity,TRUE,TRUE,stratified,location,TRUE,smote_tomek,36,0.666822695035461,-2.263390335120434,-2.0556122386431506,0.4586517638511205,0,1,256,72,214,215,1
sensor,TRUE,Exclude Intensity,TRUE,FALSE,parwise,light_type,TRUE,None,31,0.8835972160894887,-1.2423272375569954,-2.590405433902265,0,4,3,256,207,0,78,0
sensor,TRUE,Exclude Intensity,TRUE,FALSE,parwise,light_type,TRUE,smote_tomek,41,0.8844855863243551,-4,-1,0,0,0,55,126,235,217,1
sensor,TRUE,Exclude Intensity,TRUE,FALSE,parwise,location,TRUE,None,43,0.681307907778496,-1.900086858518548,-2.519801086512679,0.27254789609201735,1,1,256,256,59,154,1
sensor,TRUE,Exclude Intensity,TRUE,FALSE,parwise,location,TRUE,smote_tomek,8,0.6674315880198233,-3.836469806858329,-4.228154473739964,0.32207396321492576,0,2,218,74,125,0,0
sensor,TRUE,Exclude Intensity,TRUE,FALSE,stratified,light_type,TRUE,None,42,0.8746801654149896,-0.8213898232202501,-5,0.2485166842346234,1,1,138,29,101,144,1
sensor,TRUE,Exclude Intensity,TRUE,FALSE,stratified,light_type,TRUE,smote_tomek,34,0.8816508305326196,-2.6565249325016804,-1.8069811390309312,0,0,3,99,256,256,256,1
sensor,TRUE,Exclude Intensity,TRUE,FALSE,stratified,location,TRUE,None,48,0.6883262411347517,-2.2955705581577543,-4.067864110082802,0.6274522262719234,1,0,243,256,256,6,1
sensor,TRUE,Exclude Intensity,TRUE,FALSE,stratified,location,TRUE,smote_tomek,3,0.6720992907801417,-2.5205144046535546,-4.813337347145538,0.6816288631890215,1,0,161,98,252,119,1
sensor,TRUE,Include Intensity,TRUE,TRUE,parwise,light_type,TRUE,None,27,0.9394541516852752,-2.1272755187547308,-1.1192118410515812,0.7,0,0,47,256,254,38,1
sensor,TRUE,Include Intensity,TRUE,TRUE,parwise,light_type,TRUE,smote_tomek,17,0.8812632729872368,-2.8386792683472692,-1,0.2714479884152646,1,0,172,212,0,135,1
sensor,TRUE,Include Intensity,TRUE,TRUE,parwise,location,TRUE,None,34,0.7381598793363499,-2.3199028227890315,-5,0.18985905073558945,4,2,8,58,111,118,0
sensor,TRUE,Include Intensity,TRUE,TRUE,parwise,location,TRUE,smote_tomek,35,0.6483516483516484,-1.6751898264045093,-5,0.7,3,0,8,0,0,0,1
sensor,TRUE,Include Intensity,TRUE,TRUE,stratified,light_type,TRUE,None,8,0.8882134904499122,-3.134570773651744,-5,0.33722385978030894,4,0,197,0,233,90,0
sensor,TRUE,Include Intensity,TRUE,TRUE,stratified,light_type,TRUE,smote_tomek,46,0.8830546450354757,-2.600163610974856,-3.261833381685741,0.2833693169747131,4,2,133,114,75,183,0
sensor,TRUE,Include Intensity,TRUE,TRUE,stratified,location,TRUE,None,50,0.6919290780141844,-1.43069098179683,-4.002088219198057,0.5193569366966704,2,1,100,191,144,29,0
sensor,TRUE,Include Intensity,TRUE,TRUE,stratified,location,TRUE,smote_tomek,2,0.6806950354609929,-3.791277157599729,-2.1120049109327006,0.6569868963110252,0,3,161,157,2,6,1
sensor,TRUE,Include Intensity,TRUE,FALSE,parwise,light_type,TRUE,None,35,0.886493618452869,-4,-5,0,0,0,237,256,0,224,0
sensor,TRUE,Include Intensity,TRUE,FALSE,parwise,light_type,TRUE,smote_tomek,33,0.8909091864841565,-0.3,-2.486080773037484,0.6563355294717583,2,1,256,120,0,0,1
sensor,TRUE,Include Intensity,TRUE,FALSE,parwise,location,TRUE,None,49,0.6776018099547513,-0.924538331175326,-5,0.7,1,3,249,234,0,68,0
sensor,TRUE,Include Intensity,TRUE,FALSE,parwise,location,TRUE,smote_tomek,22,0.6765029088558501,-1.260979535701197,-4.1241975080379945,0.4668158231732531,0,1,28,61,75,99,1
sensor,TRUE,Include Intensity,TRUE,FALSE,stratified,light_type,TRUE,None,20,0.8774739637359446,-3.736906841201461,-3.4930662209931445,0,4,0,256,76,256,256,1
sensor,TRUE,Include Intensity,TRUE,FALSE,stratified,light_type,TRUE,smote_tomek,43,0.8704341451945287,-4,-1,0,0,2,256,117,109,256,1
sensor,TRUE,Include Intensity,TRUE,FALSE,stratified,location,TRUE,None,10,0.6905673758865248,-1.268120939359041,-3.307379924629615,0.3171745873650588,4,1,50,52,68,157,1
sensor,TRUE,Include Intensity,TRUE,FALSE,stratified,location,TRUE,smote_tomek,36,0.6634184397163121,-2.2630455769142386,-1.5037931428829463,0,0,3,8,0,256,39,1
sensor,TRUE,False,TRUE,TRUE,parwise,light_type,TRUE,None,50,0.9359216972602452,-2.4708266279837945,-5,0.6190879577675225,1,3,210,174,0,0,1
sensor,TRUE,False,TRUE,TRUE,parwise,light_type,TRUE,smote_tomek,32,0.8911036817426775,-0.3,-3.903958924813778,0.7,0,3,256,0,0,21,1
sensor,TRUE,False,TRUE,TRUE,parwise,location,TRUE,None,50,0.7347985347985349,-3.646574772130706,-4.12650943647808,0.4836466152728057,3,0,203,86,250,229,0
sensor,TRUE,False,TRUE,TRUE,parwise,location,TRUE,smote_tomek,46,0.6889463477698772,-4,-3.3751422428231,0.6587883916608487,2,1,170,29,145,0,1
sensor,TRUE,False,TRUE,TRUE,stratified,light_type,TRUE,None,34,0.8926531402569742,-0.40543543699026285,-2.9810961597016634,0.04945286337199687,1,3,248,45,0,107,1
sensor,TRUE,False,TRUE,TRUE,stratified,light_type,TRUE,smote_tomek,14,0.873981715834751,-1.9711690121554304,-2.731574733457691,0.21726886256268976,3,1,135,117,89,63,1
sensor,TRUE,False,TRUE,TRUE,stratified,location,TRUE,None,48,0.6963404255319148,-2.754053434653666,-5,0,0,0,45,256,0,0,1
sensor,TRUE,False,TRUE,TRUE,stratified,location,TRUE,smote_tomek,49,0.7136737588652482,-3.308292121592813,-2.7638402615909428,0.18699855959656253,4,0,256,213,89,242,0
sensor,TRUE,False,TRUE,FALSE,parwise,light_type,TRUE,None,28,0.894399587880317,-1.270282189217994,-2.7855975090111498,0.7,4,0,127,0,51,0,0
sensor,TRUE,False,TRUE,FALSE,parwise,light_type,TRUE,smote_tomek,39,0.8952091086860532,-3.5115882567426175,-5,0.6133861083914116,0,0,256,256,24,91,1
sensor,TRUE,False,TRUE,FALSE,parwise,location,TRUE,None,37,0.6952057746175393,-2.791257661390663,-5,0,4,3,250,174,27,252,1
sensor,TRUE,False,TRUE,FALSE,parwise,location,TRUE,smote_tomek,44,0.7044279250161603,-1.5150955216465078,-3.2433233013042617,0.659862423565527,4,0,253,47,180,0,0
sensor,TRUE,False,TRUE,FALSE,stratified,light_type,TRUE,None,36,0.8808486508167018,-4,-4.760440492316264,0,2,0,256,256,256,0,1
sensor,TRUE,False,TRUE,FALSE,stratified,light_type,TRUE,smote_tomek,31,0.8812774020441753,-1.0070028700586913,-5,0.20435180966544503,3,0,47,141,72,79,1
sensor,TRUE,False,TRUE,FALSE,stratified,location,TRUE,None,48,0.6531773049645391,-0.9293498931911044,-5,0.10219510427130576,4,3,139,0,80,43,1
sensor,TRUE,False,TRUE,FALSE,stratified,location,TRUE,smote_tomek,35,0.6496879432624113,-2.1313447314524705,-5,0.5660692815499314,3,2,62,227,143,0,1
sensor,FALSE,False,TRUE,TRUE,parwise,light_type,TRUE,None,18,0.93848167539267,-0.3,-2.0487082247051207,0.7,4,3,124,256,0,0,1
sensor,FALSE,False,TRUE,TRUE,parwise,light_type,TRUE,smote_tomek,32,0.921781366302908,-2.2710988505207883,-4.991033165057737,0,0,0,127,236,52,92,1
sensor,FALSE,False,TRUE,TRUE,parwise,location,TRUE,None,39,0.7105149752208576,-3.0173758035876896,-2.518039430338647,0.02764368016129528,3,1,162,96,21,212,1
sensor,FALSE,False,TRUE,TRUE,parwise,location,TRUE,smote_tomek,44,0.6948825684119802,-2.218234592497894,-1.452914421608278,0.01030946826520414,4,2,78,121,221,160,1
sensor,FALSE,False,TRUE,TRUE,stratified,light_type,TRUE,None,13,0.8903779926144143,-2.831610296872525,-3.386985873506457,0.4352015720399536,0,0,180,4,207,28,1
sensor,FALSE,False,TRUE,TRUE,stratified,light_type,TRUE,smote_tomek,14,0.8788708628964219,-2.1144740745565342,-5,0.23930655692912356,2,0,43,131,42,51,1
sensor,FALSE,False,TRUE,TRUE,stratified,location,TRUE,None,46,0.7092624113475178,-1.4844543858147516,-4.866261019774393,0,1,3,191,62,35,220,1
sensor,FALSE,False,TRUE,TRUE,stratified,location,TRUE,smote_tomek,20,0.7026382978723403,-1.2118815110894618,-5,0.3496951182202502,3,0,8,0,71,44,1
sensor,FALSE,False,TRUE,FALSE,parwise,light_type,TRUE,None,22,0.8889661960358404,-2.4764757897297427,-4.5736997560483665,0.6240636958247002,0,2,73,103,256,0,0
sensor,FALSE,False,TRUE,FALSE,parwise,light_type,TRUE,smote_tomek,31,0.8946228165444837,-2.7698581544143663,-3.5366779520585294,0.5451810714821004,3,2,256,205,41,124,0
sensor,FALSE,False,TRUE,FALSE,parwise,location,TRUE,None,15,0.6608065953654189,-1.495933733782751,-3.707188335900232,0.4551958535716201,2,2,191,157,232,221,1
sensor,FALSE,False,TRUE,FALSE,parwise,location,TRUE,smote_tomek,18,0.6402852049910873,-1.996244630101902,-1.823467707999765,0.7,0,2,255,0,256,46,1
sensor,FALSE,False,TRUE,FALSE,stratified,light_type,TRUE,None,10,0.8430008944543829,-3.1121402933935114,-5,0,4,1,143,202,256,90,1
sensor,FALSE,False,TRUE,FALSE,stratified,light_type,TRUE,smote_tomek,26,0.8414355992844365,-2.341455131032169,-3.6276760235062033,0.2422630182020372,2,0,59,59,127,23,0
sensor,FALSE,False,TRUE,FALSE,stratified,location,TRUE,None,26,0.6442584434654919,-1.5106782905155192,-3.3123096813896646,0.02020859783009752,4,1,67,148,253,256,1
sensor,FALSE,False,TRUE,FALSE,stratified,location,TRUE,smote_tomek,33,0.6193245227606461,-1.904079688100706,-3.6317312293473183,0.6079722679665077,4,2,124,237,0,171,1
spd,FALSE,False,FALSE,TRUE,parwise,light_type,TRUE,None,15,0.9388443827666688,-1.25669759060616,-4.633224590584994,0.02705375517068367,4,3,8,53,0,0,1
spd,FALSE,False,FALSE,TRUE,parwise,light_type,TRUE,smote_tomek,13,0.924209928720116,-1.2312318274308134,-4.755844164443955,0.438478803741375,3,0,59,95,57,87,1
spd,FALSE,False,FALSE,TRUE,parwise,location,TRUE,None,44,0.6904007756948933,-2.747705660728774,-4.323255105467927,0.07978519861845673,2,0,30,240,66,163,0
spd,FALSE,False,FALSE,TRUE,parwise,location,TRUE,smote_tomek,23,0.5994828700711053,-1.5320479863115368,-3.609153502420909,0.3162459339396352,3,3,8,256,256,230,0
spd,FALSE,False,FALSE,TRUE,stratified,light_type,TRUE,None,47,0.8569423122138778,-2.9690931550411195,-4.807524177957644,0.34772821710206825,0,2,223,0,164,256,1
spd,FALSE,False,FALSE,TRUE,stratified,light_type,TRUE,smote_tomek,25,0.8517281440604125,-0.3,-5,0.05257097753138583,2,3,230,256,0,0,1
spd,FALSE,False,FALSE,TRUE,stratified,location,TRUE,None,10,0.654354609929078,-0.7460049681401495,-2.991735681614057,0,1,3,129,0,0,256,1
spd,FALSE,False,FALSE,TRUE,stratified,location,TRUE,smote_tomek,14,0.6310070921985816,-0.3,-5,0.7,4,3,146,256,256,0,1
spd,FALSE,False,FALSE,FALSE,parwise,light_type,TRUE,None,23,0.8864650974025974,-1.4676600543182357,-4.63194620853877,0.2423999832695533,3,1,182,149,112,74,1
spd,FALSE,False,FALSE,FALSE,parwise,light_type,TRUE,smote_tomek,8,0.8896025849150848,-3.64163695604321,-1.4652697318223051,0,3,3,243,255,145,246,1
spd,FALSE,False,FALSE,FALSE,parwise,location,TRUE,None,46,0.6675985663082437,-1.941164109887072,-3.4774016613747643,0.10512821219217448,3,1,232,23,190,245,1
spd,FALSE,False,FALSE,FALSE,parwise,location,TRUE,smote_tomek,39,0.6499068100358423,-3.1437715469144827,-4.23338401162059,0.12879033785275654,1,3,256,0,111,177,1
spd,FALSE,False,FALSE,FALSE,stratified,light_type,TRUE,None,29,0.875257455923546,-4,-5,0,0,3,256,256,256,256,1
spd,FALSE,False,FALSE,FALSE,stratified,light_type,TRUE,smote_tomek,42,0.8186789421651014,-2.773089658166022,-5,0.0499557203736013,1,3,45,153,222,98,1
spd,FALSE,False,FALSE,FALSE,stratified,location,TRUE,None,19,0.6728222996515679,-3.2049494973353454,-5,0,3,1,256,40,228,96,1
spd,FALSE,False,FALSE,FALSE,stratified,location,TRUE,smote_tomek,43,0.6365853658536585,-2.597055145245304,-2.822765603390459,0.10219753711914138,0,0,8,94,217,232,1
spd,FALSE,Include Intensity,FALSE,TRUE,parwise,light_type,TRUE,None,8,0.9387244575521382,-2.389353262776523,-1,0.4920474244407277,4,2,121,192,131,184,1
spd,FALSE,Include Intensity,FALSE,TRUE,parwise,light_type,TRUE,smote_tomek,49,0.9051637876553612,-4,-1,0.0668796612595505,0,0,8,5,219,0,0
spd,FALSE,Include Intensity,FALSE,TRUE,parwise,location,TRUE,None,41,0.6998180566483084,-3.1500369380164432,-3.3926982230662333,0.3078197434110944,1,0,71,123,209,216,1
spd,FALSE,Include Intensity,FALSE,TRUE,parwise,location,TRUE,smote_tomek,6,0.6809721675845791,-0.3,-5,0.2853913341528765,3,1,170,14,34,30,0
spd,FALSE,Include Intensity,FALSE,TRUE,stratified,light_type,TRUE,None,21,0.8989274342215519,-1.7209340940507598,-4.676849544007781,0.5137216217213132,4,0,169,256,0,256,1
spd,FALSE,Include Intensity,FALSE,TRUE,stratified,light_type,TRUE,smote_tomek,3,0.885034355622591,-2.5205144046535546,-4.813337347145538,0.6816288631890215,1,0,161,98,252,119,1
spd,FALSE,Include Intensity,FALSE,TRUE,stratified,location,TRUE,None,38,0.6821300764962737,-1.1123350949138393,-2.8736324098875965,0,1,3,256,136,0,256,1
spd,FALSE,Include Intensity,FALSE,TRUE,stratified,location,TRUE,smote_tomek,1,0.6925375094389179,-1.0527909486171376,-4.266260840535344,0.5457837001909386,2,1,33,118,85,37,1
spd,FALSE,Include Intensity,FALSE,FALSE,parwise,light_type,TRUE,None,27,0.8968229934695596,-1.9282294006483975,-4.72553105560864,0.2928103419679693,1,3,230,256,113,0,0
spd,FALSE,Include Intensity,FALSE,FALSE,parwise,light_type,TRUE,smote_tomek,22,0.9047095534021488,-0.3,-2.646335113222317,0,0,1,135,52,91,230,1
spd,FALSE,Include Intensity,FALSE,FALSE,parwise,location,TRUE,None,48,0.6970151455546814,-1.976780503074796,-4.757739611972144,0.34295107862021645,1,3,42,15,197,192,1
spd,FALSE,Include Intensity,FALSE,FALSE,parwise,location,TRUE,smote_tomek,49,0.6833939811172306,-3.653404824250546,-5,0.5338817291611895,4,0,116,223,172,144,1
spd,FALSE,Include Intensity,FALSE,FALSE,stratified,light_type,TRUE,None,15,0.8873303167420814,-2.6777601497875896,-1.92488697623564,0.3260175814139278,0,3,148,220,0,24,1
spd,FALSE,Include Intensity,FALSE,FALSE,stratified,light_type,TRUE,smote_tomek,25,0.8807608513490867,-0.3,-4.661669882950965,0.41077934773239294,1,3,256,0,217,63,1
spd,FALSE,Include Intensity,FALSE,FALSE,stratified,location,TRUE,None,32,0.6764010637250074,-2.6727660671479683,-5,0.139960917865709,3,2,218,202,250,214,0
spd,FALSE,Include Intensity,FALSE,FALSE,stratified,location,TRUE,smote_tomek,41,0.692553924948291,-3.295966025658727,-5,0,2,2,246,123,3,57,1
spd,FALSE,Exclude Intensity,FALSE,TRUE,parwise,light_type,TRUE,None,2,0.9362360438171476,-3.791277157599729,-2.1120049109327006,0.6569868963110252,0,3,161,157,2,6,1
spd,FALSE,Exclude Intensity,FALSE,TRUE,parwise,light_type,TRUE,smote_tomek,24,0.9215820518222037,-3.3553255801197204,-1,0,0,2,98,0,0,213,1
spd,FALSE,Exclude Intensity,FALSE,TRUE,parwise,location,TRUE,None,1,0.6645849724626278,-1.0527909486171376,-4.266260840535344,0.5457837001909386,2,1,33,118,85,37,1
spd,FALSE,Exclude Intensity,FALSE,TRUE,parwise,location,TRUE,smote_tomek,33,0.6565204563335957,-0.3,-2.9780767969390824,0.5252230123716868,0,3,256,126,256,240,1
spd,FALSE,Exclude Intensity,FALSE,TRUE,stratified,light_type,TRUE,None,43,0.9027987263281382,-3.099876635895934,-2.386298981575295,0.7,0,2,256,145,137,0,1
spd,FALSE,Exclude Intensity,FALSE,TRUE,stratified,light_type,TRUE,smote_tomek,3,0.8854868443103737,-2.5205144046535546,-4.813337347145538,0.6816288631890215,1,0,161,98,252,119,1
spd,FALSE,Exclude Intensity,FALSE,TRUE,stratified,location,TRUE,None,9,0.6977576414196132,-2.9172978403781142,-4.913248473206762,0.2263336101421761,0,0,170,158,0,29,1
spd,FALSE,Exclude Intensity,FALSE,TRUE,stratified,location,TRUE,smote_tomek,1,0.6816704422338224,-1.0527909486171376,-4.266260840535344,0.5457837001909386,2,1,33,118,85,37,1
spd,FALSE,Exclude Intensity,FALSE,FALSE,parwise,light_type,TRUE,None,26,0.8957960290709922,-0.3,-3.1798830880496745,0.5936225028804379,2,3,214,256,256,86,1
spd,FALSE,Exclude Intensity,FALSE,FALSE,parwise,light_type,TRUE,smote_tomek,42,0.8939395934274279,-3.761820755203766,-2.809447753177725,0.291171055207823,2,0,119,181,58,21,0
spd,FALSE,Exclude Intensity,FALSE,FALSE,parwise,location,TRUE,None,39,0.6649537765538946,-1.0396473893812983,-1.7873216415148656,0.20231166824750585,2,1,33,233,126,14,1
spd,FALSE,Exclude Intensity,FALSE,FALSE,parwise,location,TRUE,smote_tomek,12,0.657036782061369,-3.5661389362709413,-1.85660400876922,0.4893983269095031,1,1,160,0,213,0,1
spd,FALSE,Exclude Intensity,FALSE,FALSE,stratified,light_type,TRUE,None,9,0.8832244008714598,-4,-5,0.1611590151792168,4,0,256,256,256,135,1
spd,FALSE,Exclude Intensity,FALSE,FALSE,stratified,light_type,TRUE,smote_tomek,20,0.8832076420311715,-3.052873057363918,-3.708025100635111,0.2005070541884979,3,1,256,174,243,114,1
spd,FALSE,Exclude Intensity,FALSE,FALSE,stratified,location,TRUE,None,13,0.6590991168455957,-2.7999229065298064,-3.977974929127872,0.09936112935206348,1,2,215,78,105,149,1
spd,FALSE,Exclude Intensity,FALSE,FALSE,stratified,location,TRUE,smote_tomek,41,0.6478380774155422,-3.2838600375768014,-3.7170305679244624,0.31565606016793235,0,0,104,200,103,83,1
spd,FALSE,Exclude Intensity,TRUE,TRUE,parwise,light_type,TRUE,None,26,0.9245707815462396,-3.136273741641922,-1,0.6144270833408263,0,2,26,236,209,28,1
spd,FALSE,Exclude Intensity,TRUE,TRUE,parwise,light_type,TRUE,smote_tomek,13,0.9045383926690542,-4,-2.409133506404746,0.6515271461610528,2,3,8,256,119,52,1
spd,FALSE,Exclude Intensity,TRUE,TRUE,parwise,location,TRUE,None,1,0.6834677419354839,-1.0527909486171376,-4.266260840535344,0.5457837001909386,2,1,33,118,85,37,1
spd,FALSE,Exclude Intensity,TRUE,TRUE,parwise,location,TRUE,smote_tomek,17,0.6707808811959087,-2.9250497959017205,-4.011728395405359,0.12595281339269557,1,1,256,0,235,0,0
spd,FALSE,Exclude Intensity,TRUE,TRUE,stratified,light_type,TRUE,None,25,0.9022792022792024,-1.82530918177265,-5,0.5049511504003428,2,2,256,0,47,0,1
spd,FALSE,Exclude Intensity,TRUE,TRUE,stratified,light_type,TRUE,smote_tomek,42,0.8830400536282891,-2.5970471525984395,-4.045460526409158,0.66273454723223435,3,2,256,256,256,95,0
spd,FALSE,Exclude Intensity,TRUE,TRUE,stratified,location,TRUE,None,24,0.6935552710200598,-1.2387717818398412,-4.4388846156488295,0.0186179286223639,0,2,8,0,40,56,1
spd,FALSE,Exclude Intensity,TRUE,TRUE,stratified,location,TRUE,smote_tomek,46,0.6567188679864736,-3.271901274858871,-1,0.37847866671181735,2,2,221,0,0,256,1
spd,FALSE,Exclude Intensity,TRUE,FALSE,parwise,light_type,TRUE,None,47,0.8959145249631345,-4,-5,0.7,2,1,256,0,0,0,1
spd,FALSE,Exclude Intensity,TRUE,FALSE,parwise,light_type,TRUE,smote_tomek,41,0.8950850537181378,-3.9760628155390463,-1.4355604115645215,0.7,1,3,256,121,0,122,1
spd,FALSE,Exclude Intensity,TRUE,FALSE,parwise,location,TRUE,None,1,0.6603806058221873,-1.0527909486171376,-4.266260840535344,0.5457837001909386,2,1,33,118,85,37,1
spd,FALSE,Exclude Intensity,TRUE,FALSE,parwise,location,TRUE,smote_tomek,43,0.6557828481510622,-2.0032397301718823,-1.7560499909320906,0.06980101457215068,3,1,65,251,0,224,0
spd,FALSE,Exclude Intensity,TRUE,FALSE,stratified,light_type,TRUE,None,25,0.8817998994469582,-3.580723465117553,-2.98068196665103,0,4,0,256,218,213,146,0
spd,FALSE,Exclude Intensity,TRUE,FALSE,stratified,light_type,TRUE,smote_tomek,34,0.877727501256913,-0.9845381134829309,-5,0.13980971517356425,0,1,256,0,256,1,0
spd,FALSE,Exclude Intensity,TRUE,FALSE,stratified,location,TRUE,None,29,0.654240126071112,-2.1050855610039116,-2.637489793566622,0.04353455474011256,3,0,227,130,199,60,1
spd,FALSE,Exclude Intensity,TRUE,FALSE,stratified,location,TRUE,smote_tomek,39,0.6599198923142585,-2.7528437589866055,-5,0,2,0,197,256,256,111,1
spd,FALSE,Include Intensity,TRUE,TRUE,parwise,light_type,TRUE,None,46,0.9266247103433748,-1.4789154911042597,-2.4593171751329144,0.23761921341039552,4,2,134,16,207,16,1
spd,FALSE,Include Intensity,TRUE,TRUE,parwise,light_type,TRUE,smote_tomek,9,0.8986860122182431,-3.9822431130776654,-1,0.5472153879757318,2,1,256,210,229,0,0
spd,FALSE,Include Intensity,TRUE,TRUE,parwise,location,TRUE,None,27,0.704243705743509,-0.3,-2.807510516689429,0.00701768896128456,1,3,61,256,17,0,0
spd,FALSE,Include Intensity,TRUE,TRUE,parwise,location,TRUE,smote_tomek,6,0.6967446892210858,-3.648510542178971,-3.0421825749916893,0.3697474295506981,1,3,169,7,49,242,1
spd,FALSE,Include Intensity,TRUE,TRUE,stratified,light_type,TRUE,None,24,0.907725825372884,-2.7035644759481476,-4.649012859400929,0.3682523113266074,0,2,218,179,4,191,1
spd,FALSE,Include Intensity,TRUE,TRUE,stratified,light_type,TRUE,smote_tomek,23,0.8856711915535446,-1.300227082534319,-3.646073545459579,0.3118086056759826,1,0,218,256,256,228,1
spd,FALSE,Include Intensity,TRUE,TRUE,stratified,location,TRUE,None,37,0.6809481598213992,-1.2309789707347925,-3.70177101414231,0.4871772154643813,3,3,40,127,187,251,1
spd,FALSE,Include Intensity,TRUE,TRUE,stratified,location,TRUE,smote_tomek,36,0.6732328704159689,-1.5242618167438753,-3.015839925323222,0.34801677362249894,0,2,256,256,256,97,1
spd,FALSE,Include Intensity,TRUE,FALSE,parwise,light_type,TRUE,None,17,0.9007333579102592,-1.4596931337699963,-1.353694596425388,0.3621814363136025,4,2,87,113,157,123,0
spd,FALSE,Include Intensity,TRUE,FALSE,parwise,light_type,TRUE,smote_tomek,32,0.8936367705919528,-0.3,-3.432390262898926,0.3114457984411151,0,0,256,72,98,0,1
spd,FALSE,Include Intensity,TRUE,FALSE,parwise,location,TRUE,None,41,0.6754769866247049,-2.146347969632416,-2.3559637587892497,0.7,0,0,210,225,0,47,1
spd,FALSE,Include Intensity,TRUE,FALSE,parwise,location,TRUE,smote_tomek,18,0.6837136113296617,-3.1607682831094133,-4.528115935077514,0.29285143340257064,0,1,233,67,256,217,1
spd,FALSE,Include Intensity,TRUE,FALSE,stratified,light_type,TRUE,None,36,0.8808781632311045,-1.892075655187692,-3.741707544833096,0.09223298420620822,3,2,256,29,0,0,1
spd,FALSE,Include Intensity,TRUE,FALSE,stratified,light_type,TRUE,smote_tomek,43,0.8856544327132563,-3.8061702586418247,-5,0,2,0,252,0,178,19,1
spd,FALSE,Include Intensity,TRUE,FALSE,stratified,location,TRUE,None,35,0.6698348599757051,-1.381014520886688,-4.996331415443379,0.01734293583759063,4,0,167,111,43,237,0
spd,FALSE,Include Intensity,TRUE,FALSE,stratified,location,TRUE,smote_tomek,50,0.6605765126891888,-3.101407644349106,-4.6182571804863715,0,2,2,216,0,256,20,1
spd,TRUE,False,FALSE,TRUE,parwise,light_type,TRUE,None,48,0.936005803317984,-4,-5,0,0,3,108,256,9,0,0
spd,TRUE,False,FALSE,TRUE,parwise,light_type,TRUE,smote_tomek,5,0.9129081772114636,-1.7430123662043022,-1.6672203530553418,0.12135525745544049,2,1,195,109,53,145,0
spd,TRUE,False,FALSE,TRUE,parwise,location,TRUE,None,36,0.7451842275371687,-1.9123913292094936,-4.432256604133527,0.4350678991864097,1,1,143,135,168,0,1
spd,TRUE,False,FALSE,TRUE,parwise,location,TRUE,smote_tomek,49,0.6880844645550528,-2.8363921001530574,-3.3580171940166585,0.7,0,0,163,127,111,99,1
spd,TRUE,False,FALSE,TRUE,stratified,light_type,TRUE,None,30,0.910065972366292,-3.477816245838608,-4.442733575168582,0,0,0,256,0,256,0,1
spd,TRUE,False,FALSE,TRUE,stratified,light_type,TRUE,smote_tomek,15,0.8857239671936157,-1.958315370493932,-3.550871650455901,0.1777813712274199,0,3,91,38,106,94,1
spd,TRUE,False,FALSE,TRUE,stratified,location,TRUE,None,17,0.6421276595744682,-3.5615366205849286,-3.3043534912458017,0.12041971770941788,0,2,133,101,256,217,0
spd,TRUE,False,FALSE,TRUE,stratified,location,TRUE,smote_tomek,36,0.6324255319148935,-2.4815788887643935,-2.686362264889638,0.05867824535603844,0,3,162,192,159,238,1
spd,TRUE,False,FALSE,FALSE,parwise,light_type,TRUE,None,36,0.8947570386257071,-1.1311929810196046,-3.300829184747827,0.4355550969164455,1,1,121,19,177,7,1
spd,TRUE,False,FALSE,FALSE,parwise,light_type,TRUE,smote_tomek,26,0.8938108454761454,-3.461762012229582,-4.043798335379431,0.7,3,2,256,256,230,67,1
spd,TRUE,False,FALSE,FALSE,parwise,location,TRUE,None,18,0.6902930402930403,-2.5439921554847023,-5,0.23239608720132823,0,1,244,187,244,179,1
spd,TRUE,False,FALSE,FALSE,parwise,location,TRUE,smote_tomek,3,0.6965416936005171,-2.5205144046535546,-4.813337347145538,0.6816288631890215,1,0,161,98,252,119,1
spd,TRUE,False,FALSE,FALSE,stratified,light_type,TRUE,None,43,0.8750605092458126,-4,-3.806732098072249,0,0,0,197,256,0,40,1
spd,TRUE,False,FALSE,FALSE,stratified,light_type,TRUE,smote_tomek,41,0.8751434933543559,-4,-2.2582986437204946,0.1123666627059455,4,2,225,114,224,231,1
spd,TRUE,False,FALSE,FALSE,stratified,location,TRUE,None,6,0.6604822695035462,-3.437109434392792,-4.219555080402702,0.0763799061296094,4,2,25,0,141,229,1
spd,TRUE,False,FALSE,FALSE,stratified,location,TRUE,smote_tomek,45,0.6539858156028369,-2.577874482200728,-3.2352354437530515,0.415827923198366,0,0,177,256,122,256,1
spd,TRUE,Include Intensity,FALSE,TRUE,parwise,light_type,TRUE,None,4,0.9392859395697976,-1.4828621072252144,-3.1980029921218276,0.00928547281190657,4,2,104,4,59,62,1
spd,TRUE,Include Intensity,FALSE,TRUE,parwise,light_type,TRUE,smote_tomek,19,0.9147690237389348,-1.78812435847647,-3.309852408270193,0,1,3,33,0,82,256,1
spd,TRUE,Include Intensity,FALSE,TRUE,parwise,location,TRUE,None,50,0.7244774833010127,-2.2590571298371342,-4.100454453591624,0.19233810915133495,0,0,256,256,0,0,1
spd,TRUE,Include Intensity,FALSE,TRUE,parwise,location,TRUE,smote_tomek,28,0.6798319327731093,-4,-2.0087071595349735,0.182335903479804,1,0,243,128,216,22,0
spd,TRUE,Include Intensity,FALSE,TRUE,stratified,light_type,TRUE,None,42,0.9230460700109262,-3.1554626393556786,-4.502272118050158,0.14516445709625805,2,2,199,101,118,111,1
spd,TRUE,Include Intensity,FALSE,TRUE,stratified,light_type,TRUE,smote_tomek,50,0.8866160463604553,-2.106913107286219,-2.2630952318188324,0.4708050314313657,0,0,130,256,256,0,1
spd,TRUE,Include Intensity,FALSE,TRUE,stratified,location,TRUE,None,22,0.6621418439716312,-1.7740078341100012,-5,0.1784161075632329,1,3,35,256,3,0,1
spd,TRUE,Include Intensity,FALSE,TRUE,stratified,location,TRUE,smote_tomek,10,0.6648368794326242,-2.298346804979473,-5,0.5361865438576917,0,2,173,39,230,155,1
spd,TRUE,Include Intensity,FALSE,FALSE,parwise,light_type,TRUE,None,49,0.8911194516285036,-0.388696440614817,-5,0,1,3,134,0,256,0,1
spd,TRUE,Include Intensity,FALSE,FALSE,parwise,light_type,TRUE,smote_tomek,9,0.8993197922580374,-2.0024520034072752,-5,0.7,2,3,8,122,256,13,1
spd,TRUE,Include Intensity,FALSE,FALSE,parwise,location,TRUE,None,31,0.6782266752854988,-1.814777861174564,-5,0.5670750271729744,4,0,256,54,0,256,1
spd,TRUE,Include Intensity,FALSE,FALSE,parwise,location,TRUE,smote_tomek,48,0.6791531997414351,-2.5819267876867578,-4.2763934450939285,0.7,3,0,234,176,109,75,1
spd,TRUE,Include Intensity,FALSE,FALSE,stratified,light_type,TRUE,None,42,0.8659184266213021,-3.053744406359913,-3.731219352844555,0.17643212573231154,3,0,256,0,109,111,1
spd,TRUE,Include Intensity,FALSE,FALSE,stratified,light_type,TRUE,smote_tomek,45,0.8667067756524627,-3.3940977767710008,-5,0.1003303827182933,3,0,98,61,23,248,1
spd,TRUE,Include Intensity,FALSE,FALSE,stratified,location,TRUE,None,11,0.662921985815603,-2.6823069853933936,-4.456650914338176,0.6539658038346275,1,0,198,73,187,55,1
spd,TRUE,Include Intensity,FALSE,FALSE,stratified,location,TRUE,smote_tomek,12,0.6859574468085107,-1.0387432150731013,-2.3687719402531915,0.1613827186402013,0,3,232,116,256,256,1
spd,TRUE,Exclude Intensity,FALSE,TRUE,parwise,light_type,TRUE,None,46,0.9385710380790178,-0.7384432875220956,-2.484126240033637,0.2888640267244934,1,0,256,43,191,147,1
spd,TRUE,Exclude Intensity,FALSE,TRUE,parwise,light_type,TRUE,smote_tomek,37,0.935958493660506,-2.588309674179705,-2.278797395545734,0.3821132552599929,1,2,84,88,0,105,0
spd,TRUE,Exclude Intensity,FALSE,TRUE,parwise,location,TRUE,None,44,0.6785175608705021,-3.678084814629801,-2.031060302621199,0.08280200242089965,2,0,181,0,148,204,1
spd,TRUE,Exclude Intensity,FALSE,TRUE,parwise,location,TRUE,smote_tomek,49,0.6393449687567335,-2.8392478172799303,-2.5273832959207736,0.347089592703481,3,0,87,233,230,3,1
spd,TRUE,Exclude Intensity,FALSE,TRUE,stratified,light_type,TRUE,None,3,0.9149412887432056,-2.5205144046535546,-4.813337347145538,0.6816288631890215,1,0,161,98,252,119,1
spd,TRUE,Exclude Intensity,FALSE,TRUE,stratified,light_type,TRUE,smote_tomek,12,0.8766579533352696,-1.9658140843232883,-4.361382897254662,0.7,0,2,89,256,256,210,1
spd,TRUE,Exclude Intensity,FALSE,TRUE,stratified,location,TRUE,None,13,0.636695035460993,-1.315340110306841,-2.7780518589877943,0.18851872883369197,1,3,135,25,68,40,1
spd,TRUE,Exclude Intensity,FALSE,TRUE,stratified,location,TRUE,smote_tomek,43,0.640127659574468,-3.047108966847568,-1,0,3,3,32,75,71,214,1
spd,TRUE,Exclude Intensity,FALSE,FALSE,parwise,light_type,TRUE,None,33,0.8647942555562564,-4,-1,0,0,3,163,256,0,196,1
spd,TRUE,Exclude Intensity,FALSE,FALSE,parwise,light_type,TRUE,smote_tomek,43,0.862649551083917,-4,-5,0.28646145613651264,0,2,180,256,52,128,1
spd,TRUE,Exclude Intensity,FALSE,FALSE,parwise,location,TRUE,None,50,0.6450010773540185,-1.3695421183876797,-2.923893735469035,0.45780978467846034,0,1,102,29,105,66,1
spd,TRUE,Exclude Intensity,FALSE,FALSE,parwise,location,TRUE,smote_tomek,1,0.6229368670545141,-1.0527909486171376,-4.266260840535344,0.5457837001909386,2,1,33,118,85,37,1
spd,TRUE,Exclude Intensity,FALSE,FALSE,stratified,light_type,TRUE,None,11,0.8604553061422071,-4,-5,0.13679226924797916,2,0,256,0,256,0,1
spd,TRUE,Exclude Intensity,FALSE,FALSE,stratified,light_type,TRUE,smote_tomek,46,0.8468182509716055,-3.938777794420772,-4.408348980144906,0,0,0,231,0,256,256,1
spd,TRUE,Exclude Intensity,FALSE,FALSE,stratified,location,TRUE,None,26,0.6531631205673758,-3.814915136808967,-1,0,4,0,42,214,40,234,1
spd,TRUE,Exclude Intensity,FALSE,FALSE,stratified,location,TRUE,smote_tomek,7,0.6620141843971632,-0.3932651722627689,-4.5635012342439145,0.5949614889255607,1,1,53,91,0,181,1
spd,TRUE,Exclude Intensity,TRUE,TRUE,parwise,light_type,TRUE,None,23,0.9335351878719064,-0.3,-1,0.7,3,0,256,0,0,245,1
spd,TRUE,Exclude Intensity,TRUE,TRUE,parwise,light_type,TRUE,smote_tomek,21,0.8767110326121239,-2.071552847121484,-5,0.6056485060079463,4,2,79,256,256,256,1
spd,TRUE,Exclude Intensity,TRUE,TRUE,parwise,location,TRUE,None,9,0.702542555483732,-2.257931572621146,-1.9056086708591953,0.5618035556352504,2,2,58,202,198,32,1
spd,TRUE,Exclude Intensity,TRUE,TRUE,parwise,location,TRUE,smote_tomek,31,0.65759534583064,-2.7646746798503967,-2.8666351172946363,0.13603142882618263,2,3,256,50,38,193,0
spd,TRUE,Exclude Intensity,TRUE,TRUE,stratified,light_type,TRUE,None,22,0.918163838291634,-4,-1,0,4,0,256,162,0,0,1
spd,TRUE,Exclude Intensity,TRUE,TRUE,stratified,light_type,TRUE,smote_tomek,38,0.8788293708421504,-1.927297380969448,-1.984880294314912,0.01843154134990062,0,3,169,0,180,0,0
spd,TRUE,Exclude Intensity,TRUE,TRUE,stratified,location,TRUE,None,26,0.6607659574468084,-0.8403044091839589,-5,0.3554079633419646,0,0,223,0,256,174,1
spd,TRUE,Exclude Intensity,TRUE,TRUE,stratified,location,TRUE,smote_tomek,8,0.6138439716312057,-0.3219194577906874,-1.4931253633455013,0.5861603009023805,2,1,124,215,255,0,1
spd,TRUE,Exclude Intensity,TRUE,FALSE,parwise,light_type,TRUE,None,20,0.8421171597384303,-3.1796690821573463,-1.9122931919964576,0.24311183794430835,2,2,136,224,183,256,1
spd,TRUE,Exclude Intensity,TRUE,FALSE,parwise,light_type,TRUE,smote_tomek,42,0.8451134380453752,-3.836823831023906,-4.878004155754146,0.3775601741865552,4,1,256,162,119,117,1
spd,TRUE,Exclude Intensity,TRUE,FALSE,parwise,location,TRUE,None,26,0.6435574229691877,-1.5760654159923222,-5,0.7,0,0,155,206,20,0,0
spd,TRUE,Exclude Intensity,TRUE,FALSE,parwise,location,TRUE,smote_tomek,6,0.6302628743805214,-3.6006082558080816,-2.093580942489349,0.2554849783281228,1,3,79,184,256,17,0
spd,TRUE,Exclude Intensity,TRUE,FALSE,stratified,light_type,TRUE,None,32,0.8377453217708809,-2.5128125845675897,-4.228686698641609,0.18351826273115143,1,3,256,256,256,133,1
spd,TRUE,Exclude Intensity,TRUE,FALSE,stratified,light_type,TRUE,smote_tomek,44,0.8312863919892675,-2.3271690824952627,-4.538504404225631,0,3,2,176,146,0,0,1
spd,TRUE,Exclude Intensity,TRUE,FALSE,stratified,location,TRUE,None,34,0.6654468085106383,-0.39015473175934234,-5,0.4106247419616348,1,1,255,0,256,157,1
spd,TRUE,Exclude Intensity,TRUE,FALSE,stratified,location,TRUE,smote_tomek,3,0.6626666666666666,-2.5205144046535546,-4.813337347145538,0.6816288631890215,1,0,161,98,252,119,1
spd,TRUE,Include Intensity,TRUE,TRUE,parwise,light_type,TRUE,None,34,0.931148678483568,-2.3519770057986724,-3.919754053173936,0.7,4,1,127,252,152,0,0
spd,TRUE,Include Intensity,TRUE,TRUE,parwise,light_type,TRUE,smote_tomek,26,0.9052124729283626,-2.2336560187357346,-1,0.7,2,0,256,30,0,0,1
spd,TRUE,Include Intensity,TRUE,TRUE,parwise,location,TRUE,None,29,0.7563887093298858,-1.240507832801057,-3.7009497220566314,0.32933919743183576,2,2,218,228,256,195,1
spd,TRUE,Include Intensity,TRUE,TRUE,parwise,location,TRUE,smote_tomek,25,0.679013143719026,-2.331324800089926,-3.299337929710341,0.2309403564603147,2,0,8,181,89,46,1
spd,TRUE,Include Intensity,TRUE,TRUE,stratified,light_type,TRUE,None,17,0.9199894886795844,-2.897148760875821,-4.450204797407668,0.09247356057595524,0,2,246,50,0,121,1
spd,TRUE,Include Intensity,TRUE,TRUE,stratified,light_type,TRUE,smote_tomek,44,0.8831998672254264,-1.2240234284311575,-5,0.7,0,3,255,0,256,151,1
spd,TRUE,Include Intensity,TRUE,TRUE,stratified,location,TRUE,None,32,0.6766666666666665,-0.9088921389870336,-4.087258689512697,0.47098283302811034,3,1,223,236,103,64,1
spd,TRUE,Include Intensity,TRUE,TRUE,stratified,location,TRUE,smote_tomek,46,0.6394184397163121,-3.0799854148018535,-4.104518861526895,0.5057402824814028,1,0,241,160,0,167,0
spd,TRUE,Include Intensity,TRUE,FALSE,parwise,light_type,TRUE,None,47,0.8808269728127168,-1.7508816362327666,-5,0.7,3,2,54,197,185,50,1
spd,TRUE,Include Intensity,TRUE,FALSE,parwise,light_type,TRUE,smote_tomek,19,0.884874576841397,-1.8221416001726096,-5,0.7,4,0,8,0,256,0,1
spd,TRUE,Include Intensity,TRUE,FALSE,parwise,location,TRUE,None,35,0.6894957983193278,-2.0667486026879955,-2.8137352052657065,0.668633580690908,2,2,198,194,5,91,0
spd,TRUE,Include Intensity,TRUE,FALSE,parwise,location,TRUE,smote_tomek,38,0.6687028657616892,-2.459634324238559,-4.401107582999497,0.4034152265420339,2,3,176,134,135,0,1
spd,TRUE,Include Intensity,TRUE,FALSE,stratified,light_type,TRUE,None,48,0.8502482607913918,-2.2188290311997156,-1.5590424370320943,0,4,3,140,214,256,213,1
spd,TRUE,Include Intensity,TRUE,FALSE,stratified,light_type,TRUE,smote_tomek,49,0.8561124711284454,-1.2286832260596685,-5,0,1,3,25,0,256,0,1
spd,TRUE,Include Intensity,TRUE,FALSE,stratified,location,TRUE,None,35,0.6540425531914894,-3.0632408883714666,-4.714312278107625,0.1952890528921876,2,2,232,180,0,72,0
spd,TRUE,Include Intensity,TRUE,FALSE,stratified,location,TRUE,smote_tomek,30,0.6616170212765957,-2.379027322890222,-3.6051171651974694,0.645764147071737,0,0,125,14,221,256,1
spd,TRUE,False,TRUE,TRUE,parwise,light_type,TRUE,None,34,0.9343972749637292,-2.1936172602258273,-2.2593028076779325,0.7,2,1,192,79,225,250,1
spd,TRUE,False,TRUE,TRUE,parwise,light_type,TRUE,smote_tomek,16,0.890399293509115,-0.3,-3.403311711579979,0.05350827301256111,1,3,190,0,0,38,1
spd,TRUE,False,TRUE,TRUE,parwise,location,TRUE,None,19,0.7459168282697695,-2.1170888381795723,-2.6601347505251227,0.20556547936692063,0,0,58,256,0,169,0
spd,TRUE,False,TRUE,TRUE,parwise,location,TRUE,smote_tomek,18,0.6642533936651583,-1.4672316418155682,-2.360141464107583,0.5252733840596276,0,2,162,206,197,256,1
spd,TRUE,False,TRUE,TRUE,stratified,light_type,TRUE,None,33,0.9042155927139952,-4,-1,0,4,0,256,256,0,256,1
spd,TRUE,False,TRUE,TRUE,stratified,light_type,TRUE,smote_tomek,43,0.8893890986542744,-1.5619388524431297,-5,0.7,3,3,256,34,256,0,1
spd,TRUE,False,TRUE,TRUE,stratified,location,TRUE,None,6,0.6806382978723404,-1.006475597458361,-5,0.2723712877247903,1,0,196,0,169,182,1
spd,TRUE,False,TRUE,TRUE,stratified,location,TRUE,smote_tomek,39,0.6590354609929079,-3.019357637963501,-2.764599963941724,0,2,2,256,0,136,59,1
spd,TRUE,False,TRUE,FALSE,parwise,light_type,TRUE,None,43,0.8889957736705987,-1.5848977000768554,-5,0.2688884900309921,1,2,8,75,0,0,0
spd,TRUE,False,TRUE,FALSE,parwise,light_type,TRUE,smote_tomek,34,0.8923284762084989,-3.227115635695587,-3.736305350879131,0.45757160045338896,1,0,97,68,249,112,1
spd,TRUE,False,TRUE,FALSE,parwise,location,TRUE,None,46,0.6877935789700496,-2.9972239923023674,-4.929793206570225,0.3910678692258273,1,0,216,254,159,180,0
spd,TRUE,False,TRUE,FALSE,parwise,location,TRUE,smote_tomek,7,0.687276449041155,-1.4701046960417623,-4.4811636016983325,0.2992344109375229,3,1,200,29,256,2,1
spd,TRUE,False,TRUE,FALSE,stratified,light_type,TRUE,None,13,0.8710219492967097,-2.156977336470007,-4.377759384679328,0.06705996384858769,0,3,132,224,65,30,1
spd,TRUE,False,TRUE,FALSE,stratified,light_type,TRUE,smote_tomek,49,0.8688367011050717,-3.578592786132933,-4.998858197123221,0,4,2,98,116,0,122,0
spd,TRUE,False,TRUE,FALSE,stratified,location,TRUE,None,32,0.6620992907801418,-1.5402513096511554,-5,0,2,3,106,0,204,204,1
spd,TRUE,False,TRUE,FALSE,stratified,location,TRUE,smote_tomek,49,0.6432056737588652,-0.9118948283779617,-4.96865447701691,0.6944577067305363,1,0,168,166,0,0,1
spd,FALSE,False,TRUE,TRUE,parwise,light_type,TRUE,None,14,0.9389968249963204,-0.3628560029203331,-2.997110484622534,0.1548597553881893,1,3,238,81,3,164,1
spd,FALSE,False,TRUE,TRUE,parwise,light_type,TRUE,smote_tomek,49,0.9170451439264912,-1.106412319038459,-3.171105732938607,0,4,2,34,3,116,64,1
spd,FALSE,False,TRUE,TRUE,parwise,location,TRUE,None,16,0.7083925878043525,-0.3,-5,0.21238350997284836,0,3,50,108,186,15,1
spd,FALSE,False,TRUE,TRUE,parwise,location,TRUE,smote_tomek,32,0.6339043309631546,-1.4335591412251452,-1.0415697711753102,0.1409671770192468,4,0,252,214,89,121,1
spd,FALSE,False,TRUE,TRUE,stratified,light_type,TRUE,None,45,0.8819896823091712,-1.9889575056125688,-4.865502242303108,0.3147764227560115,4,0,165,226,118,242,1
spd,FALSE,False,TRUE,TRUE,stratified,light_type,TRUE,smote_tomek,18,0.8715751766869978,-2.2302646623096702,-5,0,0,2,25,227,0,256,1
spd,FALSE,False,TRUE,TRUE,stratified,location,TRUE,None,50,0.670836879432624,-1.7952000449982872,-5,0.2473577110594328,0,2,115,171,124,42,1
spd,FALSE,False,TRUE,TRUE,stratified,location,TRUE,smote_tomek,27,0.6204964539007092,-3.0979380608731084,-5,0.155434523365194,1,3,35,130,229,50,1
spd,FALSE,False,TRUE,FALSE,parwise,light_type,TRUE,None,3,0.8811237651087606,-2.5205144046535546,-4.813337347145538,0.6816288631890215,1,0,161,98,252,119,1
spd,FALSE,False,TRUE,FALSE,parwise,light_type,TRUE,smote_tomek,30,0.8849086997172564,-2.201122861723805,-5,0.5593241239441912,0,3,128,108,256,81,1
spd,FALSE,False,TRUE,FALSE,parwise,location,TRUE,None,21,0.6777382408539975,-3.789451003083253,-5,0,4,1,242,102,123,118,1
spd,FALSE,False,TRUE,FALSE,parwise,location,TRUE,smote_tomek,34,0.6719337262315134,-2.2293174199469634,-4.799653165230284,0,3,3,256,0,41,176,1
spd,FALSE,False,TRUE,FALSE,stratified,light_type,TRUE,None,41,0.8557297249017506,-2.6816600302714324,-4.451949700530935,0.06859314235946444,3,2,218,97,204,167,1
spd,FALSE,False,TRUE,FALSE,stratified,light_type,TRUE,smote_tomek,13,0.8606273073716804,-4,-5,0,4,3,256,256,192,256,1
spd,FALSE,False,TRUE,FALSE,stratified,location,TRUE,None,40,0.6563238512035011,-3.8867359102945582,-3.363677405905486,0.08386833125600775,0,0,97,223,108,129,1
spd,FALSE,False,TRUE,FALSE,stratified,location,TRUE,smote_tomek,4,0.6476002917578411,-1.4828621072252144,-3.1980029921218276,0.00928547281190657,4,2,104,4,59,62,1
